Timestamp;% CPU (global);% CPU (user);% CPU (system);;50.7;
1;10.7;2.5;4.2;;50.5;
2;1.8;0.5;1.3;;50.8;
3;7.5;7;0.5;;50.9;
4;44.3;44;0.3;;50.2;
5;1.7;1.7;0;;50.2;
6;2.2;1.5;0.5;;50.8;
7;41;36.8;3.8;;50.9;
8;44;43.5;0.6;;50.9;
9;40.8;40.2;0;;1;
10;17.8;17.8;0;;50.9;
11;0.3;0;0;;50.1;
12;20.5;20.2;0.3;;50.1;
13;41.2;41.2;0;;50.2;
14;32.6;32.6;0;;50.3;
15;2.1;1.2;0.6;;50.2;
16;5.3;4.4;1;;50.9;
17;3.3;1.9;1.1;;50.9;
18;1.5;0.5;1;;50.6;
19;1;0.8;0;;1;
20;34.2;34.2;0;;50.1;
21;2.5;1.7;0.4;;50.7;
22;2.2;1.5;0.5;;50.3;
23;1.5;1.2;0.2;;50.9;
24;3.6;3.2;0.4;;50.2;
25;2.1;1;1;;50.4;
26;0.5;0.2;0;;50.2;
27;18.1;17.3;0.5;;50.6;
28;41.7;41.4;0.3;;50.2;
29;2.5;1.1;0.6;;1;
30;49.7;49.5;0;;50.1;
31;42.2;42;0;;50.5;
32;37.7;36.8;0.6;;50.8;
33;2;2;0;;50.3;
34;2;1;1;;50.1;
35;0.5;0.2;0.2;;50.9;
36;2;1.1;0.4;;50.7;
37;1;0.5;0.5;;50.1;
38;2.9;1.9;0.5;;50.5;
39;0.8;0.8;0;;1;
40;11;10.1;0.4;;50;
41;1;0.5;0.5;;50;
42;0.2;0.2;0;;50.2;
43;0.7;0.5;0.2;;50.1;
44;15.8;15.4;0.2;;50.3;
45;2.1;1.6;0.3;;50.6;
46;1;1;0;;50.2;
49;18.1;17.7;0.2;;50.9;
48;0.5;0.2;0.2;;50.7;
49;3.6;3.3;0.3;;1;
50;10.7;10.5;0.1;;50.9;
51;0.2;0.2;0;;50.4;
52;9;8.7;0.3;;50.7;
51;34.1;33.8;0.3;;50;
54;27.9;27.5;0;;50.2;
55;32.4;32.2;0.2;;50.1;
56;25.8;25.7;0.1;;50;
57;0.5;0.3;0.3;;50.1;
58;11;10.8;0.2;;50.4;
59;21.1;20.9;0.2;;1;
60;18.4;17.8;0.6;;50.5;
61;0;0;0;;50.5;
62;1.2;0.5;0.7;;50.3;
63;2.4;1.9;0.5;;50.8;
64;28.2;28.1;0;;50.1;
65;23.9;23.6;0.2;;50;
66;0;0;0;;50.3;
67;18;17.8;0.2;;50.4;
68;32.9;32.5;0.2;;50;
69;31.3;31.3;0;;1;
70;32.8;32.3;0.3;;50.1;
71;30.3;30;0.2;;50.2;
72;34;33.9;0.1;;50.4;
73;33.3;33.1;0.1;;50.6;
74;25;24.5;0.3;;50.9;
75;0;0;0;;50.2;
76;1.2;0.3;0.9;;50.9;
77;34.5;34.2;0.3;;50;
78;6.7;6.7;0;;50;
79;1;0.2;0.5;;1;
80;0.6;0.4;0.2;;50.4;
81;0.5;0.2;0.2;;50.4;
82;5.9;5.7;0.1;;50.2;
83;1.3;1;0.3;;50.6;
84;1;0.5;0;;50.8;
85;0.3;0.3;0;;50.2;
86;0.5;0;0.5;;50.9;
87;0.5;0.5;0;;50;
88;2.4;2.4;0;;50.8;
89;0.5;0.5;0;;1;
90;0.5;0.5;0;;50.6;
91;0.6;0.3;0.3;;50.8;
92;0.2;0;0.2;;50.3;
93;2;2;0;;50.2;
94;19.4;19.4;0;;50.6;
95;8.9;8.7;0;;50.9;
96;14.9;14.4;0.2;;50.3;
97;7.8;7.8;0;;50.4;
98;2.4;1.9;0.5;;50.1;
99;0.5;0.5;0;;1;
0;1.5;1;0;;50.5;
101;2.4;1.9;0.5;;50.5;
102;2.4;1.9;0;;50.5;
103;0.5;0.5;0;;50.6;
104;0.5;0.2;0;;50;
105;0.5;0.3;0.3;;50;
106;0;0;0;;50;
107;2.3;1.8;0.5;;50.2;
108;10.7;10.7;0;;50.4;
109;0;0;0;;50;
110;1;0.5;0.2;;50.6;
111;1;1;0;;50.3;
112;0.3;0.3;0;;50.9;
113;2.5;2.3;0.1;;50.2;
114;0;0;0;;50.9;
115;0.8;0.8;0;;50.3;
116;1.5;1.5;0;;50.7;
117;1.5;1.5;0;;50.3;
118;2;2;0;;50.5;
119;9.3;9.2;0.2;;1;
120;0.3;0.3;0;;50.3;
121;0.5;0.5;0;;50.2;
122;0.5;0.5;0;;50.5;
123;1;1;0;;50.4;
124;1;1;0;;50.3;
125;0.7;0.5;0.2;;50.7;
126;0.3;0.3;0;;50;
127;0;0;0;;50.5;
128;0.8;0.5;0.3;;50.1;
129;0.3;0;0.3;;50;
130;1.1;0.5;0.5;;50.5;
131;1;1;0;;50.4;
132;0.8;0.5;0;;50.6;
133;0.7;0.5;0.2;;50.9;
134;0.5;0.5;0;;50;
135;0.5;0.2;0;;50.3;
136;1;1;0;;50.6;
137;0.8;0.8;0;;50.3;
138;1.5;1;0.5;;50.7;
139;0.8;0.8;0;;1;
140;0.5;0.2;0;;50.1;
141;1;1;0;;50.9;
142;1.8;0.8;0.8;;50.4;
143;0.3;0;0;;50;
144;12.9;12.7;0.2;;50.3;
145;1.4;1.4;0;;50.1;
146;0.8;0.8;0;;50;
149;1;1;0;;50.7;
148;1;1;0;;50.6;
149;1.3;0.5;0.3;;50.6;
150;0.7;0.5;0.2;;50.1;
151;0;0;0;;50.4;
152;0.5;0.5;0;;50.6;
151;0.4;0.4;0;;50.9;
154;0.7;0.2;0.5;;50.2;
155;0.5;0.5;0;;50.7;
156;16.2;15.7;0.3;;50.1;
157;11.6;10.9;0.5;;50.8;
158;18.7;18.7;0;;50.4;
159;12.9;12.6;0;;1;
160;1.4;1.4;0;;50.2;
161;14.8;14.8;0;;50.2;
162;1;1;0;;50;
163;0.5;0.5;0;;50;
164;0.5;0.5;0;;50.2;
165;1.9;0.6;1.3;;50.8;
166;0;0;0;;50.5;
167;2.3;2;0.3;;50.1;
168;19.8;19.8;0;;50.5;
169;0.8;0.5;0;;50.5;
170;0.5;0.5;0;;50.9;
171;1;1;0;;50.1;
172;4.3;4.3;0;;50.5;
173;23.3;22.5;0.8;;50.2;
174;8.6;8.6;0;;50;
175;0.5;0.5;0;;50.1;
176;0.5;0.5;0;;50.5;
177;0.5;0.5;0;;50.6;
178;0.5;0.5;0;;50.5;
179;5.2;4.2;0.5;;1;
180;0.5;0.5;0;;50.4;
181;0.9;0.9;0;;50.8;
182;0.3;0;0.3;;50.1;
183;0.5;0.2;0.2;;50.8;
184;30.7;30.4;0.3;;50.3;
185;33.6;33.6;0;;50.8;
186;35.7;35.4;0.3;;50;
187;30.5;30.5;0;;50.9;
188;35.5;34.9;0.3;;50.7;
189;31.5;31.1;0;;50.2;
190;34.4;34.4;0;;50.4;
191;30.5;30.5;0;;50.3;
192;33.8;33.8;0;;50.5;
193;36.4;36.4;0;;50.1;
194;33.9;33.7;0;;50.6;
195;34.5;34.5;0;;50.9;
196;35.4;35.4;0;;50.7;
197;36.1;35.9;0;;50;
198;34.4;34.4;0;;50.7;
199;32;31.8;0.1;;1;
200;29.9;29.9;0;;50.7;
201;33.4;33.1;0.3;;50.8;
202;35.2;35.2;0;;50;
203;30.9;30.9;0;;50.5;
204;32.2;32.2;0;;50.4;
205;36.7;36.4;0.2;;50.5;
206;31.9;31.8;0;;50.5;
207;36.9;36.6;0;;50.8;
208;34.3;34.3;0;;50.7;
209;29.4;29.4;0;;50.3;
210;32.4;32.4;0;;50;
211;32.1;31.8;0.2;;50.2;
212;33.4;33.4;0;;50.7;
213;37.6;37.6;0;;50.3;
214;30.7;30.7;0;;50.9;
215;33.4;33.4;0;;50.4;
216;32.2;32.2;0;;50.7;
217;27.5;26.9;0.3;;50.4;
218;0.5;0.2;0.2;;50;
219;0.5;0.5;0;;1;
220;32.3;32;0.3;;50.6;
221;32.6;32.6;0;;50.5;
222;28.6;28.6;0;;50.7;
223;37.9;37.3;0.3;;50;
224;31.5;31.5;0;;50;
225;30.1;30.1;0;;50.6;
226;35;35;0;;50;
227;31.2;31.2;0;;50.9;
228;34.6;34.6;0;;50.7;
229;32.8;32.3;0.2;;50.1;
230;34.1;34.1;0;;50.9;
231;32.5;32.5;0;;50.3;
232;33.7;33.4;0;;50.1;
233;31.1;31.1;0;;50.4;
234;33.8;33.8;0;;50.4;
235;30.2;29.8;0.2;;50.2;
236;31.8;31.5;0;;50.1;
237;32.7;32.7;0;;50.5;
238;37.5;37.2;0;;50.9;
239;34.7;34.4;0.3;;1;
240;31.5;31.5;0;;50.4;
241;31.6;31.6;0;;50.6;
242;35.8;35.5;0;;50.1;
243;32.9;32.7;0.2;;50.2;
244;30.1;30.1;0;;50.4;
245;33.4;33;0.2;;50;
246;34.2;33.9;0;;50.1;
249;35.1;34.9;0.2;;50.2;
248;33.5;33.5;0;;50.7;
249;34.7;34.7;0;;50.7;
250;41.9;41.6;0;;50.8;
251;33.3;33;0.3;;50.3;
252;38.3;38.3;0;;50.5;
251;40;39.8;0.2;;50.3;
254;37.3;36.7;0.3;;50;
255;22.1;21.8;0.3;;50.7;
256;0.5;0;0.5;;50.2;
257;0.4;0.4;0;;50.4;
258;31.1;30.4;0.3;;50;
259;16.9;16.1;0.4;;1;
260;34;33.7;0.3;;50.8;
261;32.4;32.4;0;;50.4;
262;33.5;33;0.3;;50;
263;32.3;32.1;0;;50.3;
264;33;33;0;;50.9;
265;33.4;33.4;0;;50.6;
266;32.4;32.4;0;;50;
267;35;34.6;0;;50.6;
268;33.3;33.3;0;;50.8;
269;35.2;34.9;0;;50.2;
270;31.3;31.1;0.2;;50.7;
271;36.9;36.6;0;;50.9;
272;33.1;33.1;0;;50.8;
273;32.5;32.5;0;;50.2;
274;35;34.8;0.3;;50.6;
275;31.5;31.2;0;;50.6;
276;29.3;29;0;;50.2;
277;35.2;34.9;0;;50.3;
278;34.5;34.5;0;;50.2;
279;34.3;34.3;0;;1;
280;37.7;37.7;0;;50.8;
281;30.5;30.5;0;;50.3;
282;31.7;31.5;0;;50.8;
283;29.8;29.8;0;;50;
284;31.1;31.1;0;;50.3;
285;31.9;31.2;0.2;;50.3;
286;31.6;31.6;0;;50.1;
287;31.1;31.1;0;;50.4;
288;34.1;33.5;0.3;;50.3;
289;32.5;32.2;0;;50.1;
290;32.7;32.5;0;;50.7;
291;31.1;30.9;0.3;;50.7;
292;26.7;26.3;0.2;;50.5;
293;0;0;0;;50.3;
294;10.1;10.1;0;;50.8;
295;29.2;28.9;0.3;;50.2;
296;32.3;32;0;;50.8;
297;32.3;32.3;0;;50.3;
298;34.1;34.1;0;;50;
299;31.7;31.7;0;;1;
300;30.1;29.5;0.2;;50.7;
301;33.2;33;0.2;;50.3;
302;34.3;34.3;0;;50;
303;31.2;31.2;0;;50.6;
304;34.2;33.9;0.2;;50.4;
305;33.5;33.3;0;;50.6;
306;34.3;33.9;0.2;;50.3;
307;31.2;31.2;0;;50.4;
308;35.4;35.1;0.3;;50.8;
309;33.4;32.7;0;;50.5;
310;33.5;33.5;0;;50.1;
311;33.8;33.8;0;;50.9;
312;29.8;29.6;0.1;;50.1;
313;32.4;32.2;0;;50;
314;33.7;33.4;0.3;;50.3;
315;33.5;33.4;0;;50.3;
316;32;31.7;0;;50;
317;36.2;36.2;0;;50.8;
318;34.7;34.7;0;;50.2;
319;34.2;33.7;0;;50.4;
320;35.7;35.7;0;;50.5;
321;32.2;32.2;0;;50.6;
322;34.9;34.3;0.3;;50.4;
323;35;35;0;;50.6;
324;31.8;31.6;0.2;;50;
325;32.3;32.1;0.2;;50.9;
326;31.7;31.3;0.2;;50.9;
327;1.5;1.5;0;;50.2;
328;0.2;0.2;0;;50.5;
329;1.9;1.9;0;;50.6;
330;0.5;0.5;0;;50.3;
331;27.2;26.8;0.3;;50.1;
332;20.1;20.1;0;;50.4;
333;21.1;20.8;0.3;;50.8;
334;26.4;26.1;0;;50.2;
335;26.6;26.6;0;;50.9;
336;28.1;27.4;0.4;;50.9;
337;27.6;27.6;0;;50.2;
338;2.8;2.5;0;;50.5;
339;1.5;1.5;0;;50.7;
340;14;13.7;0;;50.1;
341;21.9;21.5;0.3;;50.9;
342;31.4;31.1;0.3;;50;
343;2;1.6;0;;50.5;
344;1.5;1;0.5;;50.9;
345;31.4;31.4;0;;50.8;
346;32.2;32.2;0;;50.1;
349;35.2;34.5;0.3;;50.4;
348;32.5;32.2;0;;50.1;
349;32;32;0;;1;
350;32.7;32.7;0;;50.9;
351;34.4;34.1;0.3;;50.4;
352;34;34;0;;50.7;
351;30.2;30;0.2;;50.4;
354;32.4;32.4;0;;50;
355;29.2;29.1;0;;50.5;
356;33.6;33.6;0;;50.4;
357;5.4;4.9;0.2;;50.1;
358;29.5;29.5;0;;50.1;
359;31.6;31.4;0;;50.4;
360;33.6;33.6;0;;50.7;
361;32.3;31.9;0.2;;50.1;
362;31;31;0;;50.1;
363;21.1;20.8;0.3;;50.4;
364;0.2;0.2;0;;50.2;
365;7.2;6.6;0.6;;50.8;
366;8.2;7.3;0.5;;50.1;
367;14.8;14.8;0;;50.5;
368;9.4;9.4;0;;50.8;
369;33.8;33.8;0;;50.2;
370;32;32;0;;50.5;
371;30.7;30.7;0;;50.9;
372;36.3;36.3;0;;50.9;
373;29;28.8;0;;50.6;
374;35.1;35.1;0;;50.3;
375;36.3;36.3;0;;50.1;
376;31.8;31.8;0;;50.7;
377;36.1;36.1;0;;50.7;
378;33;33;0;;50.9;
379;30.8;30.8;0;;50.7;
380;32.6;32.1;0.2;;50.8;
381;33;32.7;0;;50.3;
382;31.8;31.8;0;;50.1;
383;31.4;31.2;0;;50.6;
384;33.3;33.3;0;;50.1;
385;19.4;19;0.4;;50.4;
386;1;1;0;;50.3;
387;15.9;15.9;0;;50;
388;18.3;17.9;0.4;;50;
389;30.8;30.8;0;;50.6;
390;31.7;31.1;0.3;;50.6;
391;36.9;36.6;0.3;;50.6;
392;34.2;34.2;0;;50.7;
393;33.1;33.1;0;;50.5;
394;32.6;32.4;0;;50.2;
395;34.2;34.2;0;;50;
396;33.4;33.4;0;;50.2;
397;32.2;32.2;0;;50.7;
398;32.7;32.7;0;;50.2;
399;33.1;32.8;0.2;;1;
400;35.7;35.2;0;;50.3;
401;0.2;0;0.2;;50.3;
402;0.4;0.4;0;;50;
403;3.3;1.9;0.5;;50.6;
404;34.3;34.1;0.2;;50.8;
405;31;31;0;;50.3;
406;31.5;31.5;0;;50.4;
407;31.2;31.2;0;;50.6;
408;31.1;31.1;0;;50.6;
409;34.5;34.5;0;;50.9;
410;32.2;32.2;0;;50.1;
411;30.8;30.5;0;;50.2;
412;32;32;0;;50.6;
413;32.1;32.1;0;;50.4;
414;29.1;28.7;0.2;;50.7;
415;34.7;34.7;0;;50.9;
416;31.6;31.6;0;;50;
417;32.9;32.9;0;;50.3;
418;31.7;31.2;0.2;;50.5;
419;30.9;30.9;0;;50.5;
420;32.7;32.5;0;;50.8;
421;34.9;34.9;0;;50;
422;35.5;35.5;0;;50;
423;32.3;32.1;0;;50.7;
424;36.7;36.7;0;;50.6;
425;32.9;32.9;0;;50.8;
426;31.2;31.2;0;;50.6;
427;34.5;34.3;0.2;;50.4;
428;24.7;24;0.4;;50.7;
429;5.2;5.2;0;;50.1;
430;33.8;33.8;0;;50.8;
431;33.1;33.1;0;;50.5;
432;30;30;0;;50.9;
433;36.5;35.6;0.6;;50;
434;31.3;31.3;0;;50.8;
435;30.9;30.9;0;;50.5;
436;11.3;10.8;0.5;;50.9;
437;0;0;0;;50.7;
438;1.4;0.7;0.3;;50.3;
439;2.4;2.4;0;;50.4;
440;16;15.9;0.1;;50.6;
441;32.5;32.2;0.2;;50.3;
442;32.8;32.4;0;;50.3;
443;31.9;31.7;0;;50.9;
444;34.8;34.8;0;;50;
445;30.1;30.1;0;;50.4;
446;32.2;32.2;0;;50.2;
449;31.5;31;0.2;;50.6;
448;34.6;34.6;0;;50.4;
449;33.3;33.3;0;;1;
450;31.7;30.8;0.2;;50.3;
451;34;33.7;0;;50.6;
452;29.9;29.9;0;;50.7;
451;24;24;0;;50.9;
454;33.6;33.6;0;;50.5;
455;32;32;0;;50.9;
456;36.6;36.3;0.3;;50.1;
457;33.4;33.4;0;;50.6;
458;33;33;0;;50.1;
459;33.4;33.4;0;;50.8;
460;30.8;30.6;0;;50.4;
461;35.6;35.6;0;;50.5;
462;34.1;34.1;0;;50.8;
463;33.8;33.4;0.3;;50.7;
464;32.2;32;0.3;;50.7;
465;35.9;35.9;0;;50.9;
466;35.3;35;0;;50.3;
467;39.3;39.3;0;;50.4;
468;36.6;36.6;0;;50.2;
469;31.4;31.4;0;;50.5;
490;26;25.6;0.3;;50.1;
491;15.9;15.9;0;;50.9;
492;33.6;33.2;0.3;;50.2;
493;22.7;22.5;0;;50.6;
494;0;0;0;;50;
495;6.1;5.3;0.8;;50.1;
496;6.2;6.2;0;;50;
497;32.1;31.7;0.2;;50.2;
498;33.2;33.2;0;;50.9;
499;32.1;31.8;0;;50.8;
480;32;32;0;;50.5;
481;33.4;33.4;0;;50.8;
482;30.8;30.8;0;;50.6;
483;36.3;36.3;0;;50.1;
484;30.1;30.1;0;;50.4;
485;34.2;33.9;0;;50.8;
486;34.8;34.8;0;;50.6;
487;31.2;31.2;0;;50.5;
488;31.8;31.8;0;;50.6;
489;32.4;32.4;0;;50.4;
490;32.7;32.5;0;;50;
491;32.5;32.5;0;;50.9;
492;31.9;31.9;0;;50.9;
493;30.4;30.2;0;;50.2;
494;37;37;0;;50.9;
495;31.5;31.2;0.2;;50.5;
496;33.2;33.2;0;;50.5;
497;32.3;32.3;0;;50.3;
498;31.5;31.3;0;;50.4;
499;34.2;34.2;0;;1;
500;31.8;31.8;0;;50.2;
501;32;31.6;0;;50.1;
502;31.2;31.2;0;;50.4;
503;31.4;31.4;0;;50.6;
504;30.5;30.5;0;;50.8;
505;44.6;41.2;1;;50.2;
506;31.8;31.8;0;;50.4;
507;33.1;33.1;0;;50.3;
508;31.9;31.9;0;;50.6;
509;25.8;25.6;0.2;;50.7;
510;0.5;0.2;0.2;;50.7;
511;8.4;8;0.4;;50;
512;6;6;0;;50.1;
513;2;2;0;;50.6;
514;0.5;0.5;0;;50;
515;1;1;0;;50.4;
516;0.3;0.2;0;;50.7;
517;4.1;3.2;0;;50.2;
518;1;1;0;;50.4;
519;1.4;1.4;0;;50.1;
520;1;1;0;;50.6;
521;0.7;0.5;0;;50.5;
522;0.5;0.5;0;;50.2;
523;0.5;0.5;0;;50;
524;1;1;0;;50.1;
525;5.7;1.9;1.9;;50.2;
526;41.5;38.4;1.2;;50.5;
527;25;25;0;;50.5;
528;28;28;0;;50.7;
529;0.8;0.5;0.3;;50.8;
510;0.7;0.5;0.2;;50.2;
511;0.2;0.2;0;;50.8;
512;0.5;0.5;0;;50.6;
513;1;1;0;;50.2;
514;50.2;50.2;0;;50;
515;35.1;34.8;0;;50.1;
516;37.8;37.8;0;;50.3;
517;29.7;29.7;0;;50.7;
518;34;33.7;0;;50.7;
519;31.8;31.8;0;;50.1;
540;31.5;31.5;0;;50.8;
541;37.6;37.6;0;;50.5;
542;33.6;33.6;0;;50;
543;33.4;33.1;0.3;;50;
544;0;0;0;;50;
545;1;0.5;0.5;;50.8;
546;0.8;0.8;0;;50.2;
549;28.5;28.4;0.1;;50.9;
548;36.8;36.5;0;;50.5;
549;30.3;30.3;0;;1;
550;31.1;31.1;0;;50.4;
551;32.4;32.4;0;;50.1;
552;31;30.7;0.1;;50.1;
551;35.3;35;0.3;;50.3;
554;33.5;33.5;0;;50.4;
555;34.6;34.3;0.3;;50.1;
556;37.2;37.2;0;;50.2;
557;32.7;32.7;0;;50;
558;31.3;31.1;0.2;;50.4;
559;33.3;33;0.2;;50.9;
560;33.2;33.2;0;;50.3;
561;34.8;34.8;0;;50.6;
562;30.6;30.5;0.2;;50.7;
563;30.3;30.3;0;;50.7;
564;33.1;33.1;0;;50;
565;33.6;33.6;0;;50.7;
566;37;37;0;;50.5;
567;36.5;36.5;0;;50.3;
568;32.5;32.5;0;;50;
569;30.8;30.7;0;;50.5;
570;35.3;35.3;0;;50.5;
571;33.6;33.3;0.2;;50.4;
572;30.7;30.7;0;;50;
573;33.9;33.9;0;;50.5;
574;31.5;31.5;0;;50.2;
575;32.3;32.3;0;;50.5;
576;32.2;32;0.2;;50.8;
577;32.8;32.5;0;;50.5;
578;36.5;36.2;0;;50.7;
579;34.6;34.6;0;;50.8;
580;35.5;35.5;0;;50.6;
581;35.3;35.3;0;;50.1;
582;31.5;31.5;0;;50.3;
583;30.8;30.8;0;;50.8;
584;35.5;35.5;0;;50.5;
585;29.3;29.3;0;;50.8;
586;32.1;32.1;0;;50;
587;32.6;32.2;0;;50.8;
588;32.5;32.5;0;;50.2;
589;31.3;31.3;0;;50.4;
590;16.6;16.4;0;;50.5;
591;32.1;31.7;0.4;;50.9;
592;31;31;0;;50.9;
593;31.7;31.3;0.3;;50.4;
594;31;30.7;0;;50;
595;29.9;29.8;0.2;;50.9;
596;29.6;29.6;0;;50.5;
597;31.8;31.3;0.3;;50.6;
598;13.1;12.5;0.6;;50.5;
599;0;0;0;;1;
600;13;12.1;0.8;;50.8;
601;29.7;29.7;0;;50.7;
602;18.8;18.4;0;;50;
603;6.2;6.2;0;;50;
604;32.5;32.5;0;;50.8;
605;29.4;29.2;0.2;;50.9;
606;32.5;32.5;0;;50.6;
607;28.7;28.7;0;;50.7;
608;33.2;33;0;;50.6;
609;30.3;30.3;0;;50.1;
610;31.7;31.7;0;;50.1;
611;31.1;31.1;0;;50.9;
612;29.8;29.8;0;;50.5;
613;33.5;33.2;0.3;;50.5;
614;31;30.8;0;;50.2;
615;25.5;25.5;0;;50;
616;10.2;10.2;0;;50.7;
617;1.5;1.5;0;;50.2;
618;11.5;11.5;0;;50.4;
619;1;0.5;0.5;;50.7;
620;0.5;0.5;0;;50.6;
621;1;0.7;0;;50;
622;1.5;1.5;0;;50.4;
623;1.4;1.4;0;;50.5;
624;3.3;2.8;0.5;;50.8;
625;0.3;0.3;0;;50.7;
626;1.5;1.5;0;;50.5;
627;1.5;1.5;0;;50.1;
628;2.4;2.4;0;;50.2;
629;1.9;1.9;0;;50.8;
630;7;6.6;0;;50.6;
631;9.4;9.4;0;;50;
632;6.2;6.2;0;;50.1;
633;3.5;3.3;0.1;;50.4;
634;2.2;1.6;0.6;;50.3;
635;0.3;0.3;0;;50.1;
636;18.6;18.6;0;;50.5;
637;11.1;10.4;0.3;;50.8;
638;1.2;1.2;0;;50.7;
639;0.5;0.5;0;;50.8;
640;4.8;4.8;0;;50.6;
641;1.7;1.7;0;;50.4;
642;3.4;2.4;1;;50.4;
643;22.8;22.8;0;;50.9;
644;4.1;4.1;0;;50.3;
645;9;9;0;;50.1;
646;0.9;0.9;0;;50.7;
649;0.8;0.8;0;;50.1;
648;0.5;0.5;0;;50.5;
649;1.5;1.5;0;;1;
650;8.4;8.4;0;;50.6;
651;5.7;5.5;0;;50.1;
652;17.2;17.2;0;;50.1;
651;2.4;2.4;0;;50.6;
654;5.2;5.2;0;;50.6;
655;19.3;19.3;0;;50.8;
656;2.9;2.6;0.3;;50.4;
657;0;0;0;;50;
658;23.2;22.8;0.4;;50.3;
659;31.4;31.2;0;;50.1;
660;31.1;30.9;0.2;;50.8;
661;33.2;33.2;0;;50.6;
662;36;36;0;;50.1;
663;30.7;30.6;0.1;;50.5;
664;33.3;33;0;;50.5;
665;32.8;32.8;0;;50.3;
666;32.8;32.8;0;;50.6;
667;33.1;33;0.2;;50.2;
668;30.2;30;0;;50.7;
669;31;30.8;0;;50.6;
670;33.4;32.9;0;;50.8;
671;31.7;31.7;0;;50.2;
672;30.5;29.9;0.6;;50.5;
673;0.3;0.3;0;;50.6;
674;0.5;0.5;0;;50.9;
675;1.2;0.5;0.5;;50.2;
676;13;13;0;;50.8;
677;0.5;0.5;0;;50.1;
678;2.4;2.4;0;;50;
679;1;1;0;;50.1;
680;1;1;0;;50.5;
681;1;1;0;;50.1;
682;1.5;1.5;0;;50.7;
683;9.4;9.2;0;;50.9;
684;1.5;1;0.5;;50.8;
685;24.1;24.1;0;;50;
686;0.8;0.8;0;;50.7;
687;0.2;0.2;0;;50.3;
688;0.5;0.5;0;;50.7;
689;0.5;0.5;0;;50;
690;0.7;0.5;0;;50.5;
691;2.5;1.5;1;;50.3;
692;1.5;1;0;;50;
693;1;1;0;;50.6;
694;1;1;0;;50.3;
695;17.8;17.8;0;;50.8;
696;4.3;4;0;;50.4;
697;5.1;5.1;0;;50.5;
698;0.3;0.3;0;;50.9;
699;1;0.7;0.2;;1;
700;22.5;22.5;0;;50;
701;0.3;0.3;0;;50.2;
702;0.3;0.3;0;;50.5;
703;1.4;1;0;;50.5;
704;1.2;1.2;0;;50;
705;9.7;9.5;0;;50.7;
706;0.7;0.5;0.2;;50;
707;17.2;17.2;0;;50.9;
708;4.9;4.9;0;;50.8;
709;1.1;1.1;0;;50.5;
710;1;1;0;;50;
711;0.5;0.5;0;;50.4;
712;1.5;1.5;0;;50.7;
713;1.1;0.4;0.7;;50.3;
714;0.8;0;0.8;;50.6;
715;1;0.7;0.2;;50.5;
716;34.2;33.9;0.3;;50.9;
717;32.8;32.6;0.2;;50;
718;35.3;35.3;0;;50.4;
719;34.6;34.6;0;;50.3;
720;30.7;30.7;0;;50.8;
721;31.2;31;0;;50.7;
722;32;32;0;;50.3;
723;32.2;32.2;0;;50.3;
724;34.1;33.8;0.3;;50.2;
725;33.3;33.3;0;;50.4;
726;36.2;36.2;0;;50.4;
727;32.3;32.3;0;;50.2;
728;32.6;32.6;0;;50.2;
729;4;3.9;0.1;;50.7;
730;5.6;5.6;0;;50.5;
731;0.5;0.5;0;;50.4;
732;2;2;0;;50.1;
733;15.7;15.7;0;;50.7;
734;0.7;0.7;0;;50.1;
735;0.5;0.5;0;;50.3;
736;0.5;0.5;0;;50.5;
737;1;1;0;;50.9;
738;1.5;1.5;0;;50.3;
739;2;2;0;;50.2;
740;19.7;19.7;0;;50.8;
741;1.8;1.8;0;;50.6;
742;0.5;0.5;0;;50.2;
743;1;1;0;;50.1;
744;0.5;0.5;0;;50.6;
745;1;1;0;;50.9;
746;1;1;0;;50.6;
749;2;1.5;0;;50.2;
748;2.4;2;0;;50.7;
749;0.8;0.5;0.3;;1;
750;0.7;0.5;0.2;;50.8;
751;0.5;0.5;0;;50;
752;0.7;0.7;0;;50.5;
751;1;1;0;;50.5;
754;1.5;1.5;0;;50.1;
755;0.5;0.5;0;;50.7;
756;0.5;0.5;0;;50.5;
757;1;1;0;;50.5;
758;1;1;0;;50.7;
759;1.5;1.5;0;;50.6;
760;0.5;0.3;0.3;;50;
761;0.5;0.5;0;;50.8;
762;1;1;0;;50.7;
763;1;0;0;;50.5;
764;1.9;1.9;0;;50.8;
765;1;1;0;;50.6;
766;0.3;0.3;0;;50.6;
767;0.5;0.5;0;;50.7;
768;0.3;0;0.3;;50.6;
769;0;0;0;;50.5;
770;1;0.5;0.5;;50.1;
771;36.1;35.8;0.3;;50.4;
772;33.2;33.2;0;;50.5;
773;31.2;31.1;0.2;;50.8;
774;29.8;29.8;0;;50.8;
775;30.5;30.5;0;;50.7;
776;29.9;29.9;0;;50.2;
777;34.9;34.7;0.3;;50.2;
778;34.8;34.6;0;;50.6;
779;33.5;33.2;0.3;;50;
780;29.2;29.2;0;;50;
781;32.1;32.1;0;;50.5;
782;32.9;32.9;0;;50.4;
783;32.5;32.3;0.2;;50.2;
784;30.1;29.9;0.2;;50.2;
785;1.4;1.4;0;;50.6;
786;0.5;0.5;0;;50.3;
787;0.3;0.3;0;;50.3;
788;0.2;0.2;0;;50.9;
789;0.5;0.5;0;;50.2;
790;0.5;0.5;0;;50.9;
791;1.5;1.5;0;;50;
792;3.8;2.9;1;;50.6;
793;2.4;2.4;0;;50.7;
794;0.8;0.5;0;;50.7;
795;1.5;1.5;0;;50.9;
796;2.4;1.9;0;;50.9;
797;1.9;1.9;0;;50.7;
798;0.5;0.5;0;;50.8;
799;1;1;0;;1;
800;1;1;0;;50.4;1
801;0.5;0.5;0;;50.7;2
802;0.5;0.5;0;;50.9;3
803;1.5;1.5;0;;50.6;4
804;1.5;1.5;0;;50.9;5
805;0.8;0.8;0;;50.1;6
806;0.8;0.5;0;;50.7;7
807;1.5;1;0;;50.4;8
808;1;1;0;;50.9;9
809;1.5;1.5;0;;50.6;10
810;2;2;0;;50.6;11
811;2;2;0;;50.9;12
812;3.3;3.3;0;;50;13
813;14.6;14.6;0;;50.5;14
814;1.5;1.5;0;;50.5;15
815;0.5;0.5;0;;50.1;16
816;1;1;0;;50.8;17
817;1;1;0;;50.1;18
818;0.5;0.3;0.3;;50;19
819;30.9;30.2;0.3;;50.4;20
820;27;26.6;0;;50.3;21
821;31.2;30.8;0;;50.9;22
822;31.3;31.1;0.2;;50.3;23
823;31.1;31.1;0;;50.1;24
824;31.3;31.3;0;;50.9;25
825;30.9;30.9;0;;50.8;26
826;30.7;30.2;0.2;;50.3;27
827;32.7;32.7;0;;50.1;28
828;33.4;33.4;0;;50.8;29
829;29.9;29.7;0;;50.3;30
830;32.3;32.3;0;;50.3;31
831;0.7;0.2;0.5;;50.3;32
832;1;0.2;0.7;;50.6;33
833;30.9;30.7;0.2;;50.6;34
834;33.1;33.1;0;;50.7;35
835;30.5;30.5;0;;50.4;36
836;37.5;37.1;0.2;;50.8;37
837;28.7;28.7;0;;50.8;38
838;33.5;33.5;0;;50.6;39
839;32.3;32;0.3;;50.8;40
840;34.1;34.1;0;;50.7;41
841;35.9;35.9;0;;50.4;42
842;34.8;34.8;0;;50.3;43
843;31.7;31.7;0;;50.3;44
844;32.5;32.3;0;;50.8;45
845;32.4;32.4;0;;50.6;46
846;32;32;0;;50.5;47
849;30.6;30.4;0;;50.2;48
848;31.3;31.3;0;;50;49
849;34.2;34.2;0;;50.5;50
850;30.5;30.3;0;;50.5;51
851;33.3;33.3;0;;50.6;52
852;33.6;33.6;0;;50.3;53
851;32.1;32.1;0;;50.6;54
854;33.1;33.1;0;;50.7;55
855;32;31.8;0.2;;50.2;56
856;32.8;32.8;0;;50.7;57
857;33.8;33.6;0.3;;50.2;58
858;32.6;32.3;0;;50.3;59
859;31.7;31.7;0;;50.7;60
860;31.8;31.8;0;;50.2;61
861;33.3;33.3;0;;50.3;62
862;34;33.8;0;;50.7;63
863;29.5;29.2;0;;50.7;64
864;35;35;0;;50.5;65
865;31.8;31.8;0;;50.8;66
866;35.8;35.2;0;;50.8;67
867;36.9;36.9;0;;50.3;68
868;33.5;33.5;0;;50.4;69
869;31.8;31.8;0;;50;70
870;34.1;34.1;0;;50.1;71
871;33.8;33.4;0.3;;50;72
872;32.1;32.1;0;;50.1;73
873;32.9;32.7;0.2;;50.5;74
874;35.9;35.9;0;;50.5;75
875;32.5;32.3;0;;50.3;76
876;32.6;32.2;0.2;;50.7;77
877;33.7;33.5;0;;50.7;78
878;37.5;37.5;0;;50;79
879;36.1;35.6;0;;50.6;80
880;35;34.6;0.3;;50.4;81
881;32.9;32.9;0;;50;82
882;30.8;30.8;0;;50.4;83
883;33.6;33.2;0;;50.5;84
884;32.9;32.9;0;;1;85
885;30.8;30.6;0.3;;50.7;86
886;32.5;32.2;0;;50.8;87
887;29.7;29.5;0;;50.4;88
888;33.2;33.2;0;;50.1;89
889;32.6;32.6;0;;50.6;90
890;31.4;31.4;0;;50.6;91
891;33.9;33.9;0;;50.9;92
892;30.6;30.4;0;;50.2;93
893;32.4;32.2;0;;50.8;94
894;20.4;19.8;0.6;;50.3;95
895;0;0;0;;50.5;96
896;7.4;7.1;0.3;;50.7;97
897;8.1;8.1;0;;50.4;98
898;32.4;32.4;0;;50.9;99
899;28.7;28.7;0;;50.8;100
900;30.9;30.7;0;;50.4;101
901;32.3;32;0.3;;50.7;102
902;31.8;31.2;0.3;;50.2;103
903;29.2;29.2;0;;50;104
904;29;29;0;;50.6;105
905;31.7;31.5;0;;50.9;106
906;30.8;30.8;0;;50.9;107
907;31.9;31.9;0;;50.6;108
908;32.6;32.3;0.2;;50.7;109
909;31.8;31.8;0;;50.3;110
910;33.2;33.2;0;;50.8;111
911;33.5;32.9;0.3;;50.1;112
912;30.7;30.7;0;;50.7;113
913;34.9;34.9;0;;50;114
914;33.3;33.1;0;;50.4;115
915;37.4;37.2;0.2;;50.3;116
916;31.4;31.4;0;;50.6;117
917;37.8;37.5;0;;50.3;118
918;30.5;30.4;0.2;;50.8;119
919;36.6;36.4;0;;50;120
920;42.7;42.5;0;;50.4;121
921;30.5;30.2;0.3;;50.8;122
922;36.5;36.5;0;;50.2;123
923;30.7;30.7;0;;50.4;124
924;36.8;36.5;0;;50.8;125
925;31.3;31.2;0.2;;50.5;126
926;35.9;35.9;0;;50.1;127
927;33.4;33.1;0;;50.6;128
928;31.2;31;0;;50.8;129
929;32.4;32.4;0;;50.7;130
930;37.7;37.7;0;;50.9;131
931;31.4;31.1;0.2;;50.8;132
932;39.2;39.2;0;;50;133
933;31.6;31.6;0;;50.4;134
934;36.1;35.5;0.3;;50.6;135
935;33.9;33.9;0;;50.5;136
936;31.6;31.4;0;;50.8;137
937;50.4;50.4;0;;50.7;138
938;33.3;33.3;0;;50.6;139
939;35.9;35.6;0;;50.5;140
940;35.7;35.4;0;;50.3;141
941;32.5;32.5;0;;50.5;142
942;40.9;40.9;0;;50.6;143
943;33.6;33.6;0;;50.7;144
944;34.2;34.2;0;;50;145
945;31.7;31.7;0;;50.8;146
946;35.9;35.9;0;;50.9;147
949;32.2;32.2;0;;50.6;148
948;39.4;39.2;0.2;;50;149
949;40.4;40.4;0;;50.9;150
950;34.8;34.8;0;;50.2;151
951;31.7;31.7;0;;50.7;152
952;35.6;34.9;0.2;;50.4;153
951;36.6;36.4;0;;50.3;154
954;32.8;32.8;0;;50.7;155
955;30;30;0;;50;156
956;27.2;26.9;0.3;;50.1;157
957;0;0;0;;50.8;158
958;4.5;3.7;0.5;;50.1;159
959;19.2;19.2;0;;50.1;160
960;40;40;0;;50.4;161
961;31.8;31.8;0;;50.6;162
962;29.2;29.2;0;;50.2;163
963;32;31.6;0;;50;164
964;30.1;29;1;;50.5;165
965;13.7;13.7;0;;50;166
966;35.2;35.2;0;;50.2;167
967;33.3;32.9;0.2;;50.9;168
968;30.9;30.9;0;;50.8;169
969;32.1;32.1;0;;1;170
970;33.7;33.5;0;;50.7;171
971;33.2;32.7;0.2;;50.8;172
972;31.6;31.6;0;;50;173
973;28.8;28.7;0;;50.7;174
974;32.5;32.5;0;;50.4;175
975;31.7;31.7;0;;50.5;176
976;34;33.4;0;;50.5;177
977;34.1;34.1;0;;50;178
978;34.1;34.1;0;;50.5;179
979;32;32;0;;50.4;180
980;31.9;31.9;0;;50.5;181
981;33.6;33.6;0;;50.4;182
982;31.1;30.8;0;;50.3;183
983;31.7;31.5;0.3;;50.5;184
984;31.8;31.8;0;;50.7;185
985;33.7;33.5;0;;50.5;186
986;35.1;34.6;0;;50.6;187
987;33.9;33.9;0;;50.7;188
988;31.6;31.6;0;;50.8;189
989;34.3;34.3;0;;50.7;190
990;35.6;35.3;0.3;;50.3;191
991;32.8;32.6;0.2;;50;192
992;31.9;31.9;0;;50.9;193
993;33.1;33.1;0;;50.1;194
994;31;30.9;0.2;;50.8;195
995;32.1;32.1;0;;50.6;196
996;32.3;32;0;;50.3;197
997;32.3;32.3;0;;50.3;198
998;33.4;33.4;0;;50.7;199
999;31.7;31.7;0;;50.5;200
1000;32.4;31.7;0.3;;50;201
1001;31.4;31.4;0;;50.6;202
1002;32;32;0;;50;203
1003;21;20.6;0;;50.4;204
1004;1;1;0;;50.2;205
1005;1.5;1.2;0.2;;50.5;206
1006;0.5;0.5;0;;50.4;207
1007;1.5;1;0.5;;50.6;208
1008;29.5;29.5;0;;50.5;209
1009;28.5;28.5;0;;50.7;210
1010;29.6;29.6;0;;50.9;211
1011;23;23;0;;50.2;212
1012;24.3;24.3;0;;50.1;213
1013;26.2;25.9;0;;50.6;214
1014;31.4;31.4;0;;50.1;215
1015;30.6;30.6;0;;50.6;216
1016;20.4;20;0.4;;50;217
1017;0;0;0;;50;218
1018;10.5;9.7;0.9;;50.4;219
1019;2.4;2.4;0;;50.7;220
1020;1.9;1.9;0;;50.1;221
1021;1;1;0;;50;222
1022;30.7;30.3;0.3;;50;223
1023;31.4;31.4;0;;50.6;224
1024;28.4;28.4;0;;50.3;225
1025;31.3;31.3;0;;50.4;226
1026;35.7;35.4;0;;50.3;227
1027;32;32;0;;50.6;228
1028;30.2;30.2;0;;50.1;229
1029;26.7;26.4;0;;50;230
1030;30.6;30.4;0.2;;50.4;231
1031;32.4;32.1;0;;50.8;232
1032;30.7;30.7;0;;50.7;233
1033;31.2;31.1;0.2;;50.4;234
1034;30.9;30.9;0;;50.1;235
1035;34.5;34.2;0.3;;50.1;236
1036;31.9;31.9;0;;50;237
1037;34.5;34.5;0;;50.7;238
1038;30.8;30.6;0.2;;50.1;239
1039;29.8;29.6;0;;50.3;240
1040;31.9;31.9;0;;50.8;241
1041;31.7;31.5;0;;50.8;242
1042;33.3;33.1;0;;50;243
1043;34.6;34.4;0.2;;50;244
1044;32.3;32.3;0;;50.2;245
1045;30.7;30.7;0;;50.8;246
1046;32;31.9;0.1;;50.6;247
1049;30;29.6;0.3;;50.5;248
1048;31.7;31.7;0;;50;249
1049;34.1;34.1;0;;50.2;250
1050;34.4;33.9;0;;50.8;251
1051;32.9;32.9;0;;50.8;252
1052;30.4;30.2;0.3;;50.8;253
1051;33.7;33.7;0;;50.8;254
1054;35.1;35.1;0;;1;255
1055;35.2;35;0;;50.6;256
1056;31.2;31;0.3;;50.7;257
1057;37.4;37.4;0;;50.1;258
1058;33.3;33;0;;50.2;259
1059;31.7;31.3;0.2;;50.3;260
1060;33;33;0;;50.7;261
1061;33;33;0;;50.3;262
1062;32.1;31.9;0.2;;50.1;263
1063;34.1;34.1;0;;50.8;264
1064;29.4;29.4;0;;50.5;265
1065;33.1;33.1;0;;50.9;266
1066;32.1;32.1;0;;50.9;267
1067;32.1;32.1;0;;50.2;268
1068;31.2;30.9;0.3;;50.1;269
1069;28.6;28.6;0;;50;270
1070;32.6;32.6;0;;50;271
1071;32.4;32.4;0;;50.3;272
1072;32.1;31.8;0;;50.8;273
1073;34.6;34.6;0;;50.4;274
1074;34;33.7;0;;50.6;275
1075;37.8;37.8;0;;50.5;276
1076;31.8;31.8;0;;50.8;277
1077;36.3;36.3;0;;50.8;278
1078;29.9;29.9;0;;50.8;279
1079;26;25.6;0.4;;50.7;280
1080;0.2;0;0.2;;50.7;281
1081;1.9;1.4;0.4;;50.9;282
1082;1;1;0;;50.1;283
1083;1.5;1.5;0;;50;284
1084;1.9;1.9;0;;50.9;285
1085;2.4;2.4;0;;50.6;286
1086;3.7;3.7;0;;50.9;287
1087;4.3;4.3;0;;50.2;288
1088;28;28;0;;50;289
1089;17.3;17.3;0;;50.4;290
1090;9.6;9.6;0;;50.4;291
1091;0.5;0.5;0;;50.4;292
1092;1;0.5;0.2;;50.7;293
1093;13.9;13.4;0.4;;50.4;294
1094;1;1;0;;50.8;295
1095;2;1.5;0;;50.1;296
1096;0.8;0.8;0;;50.4;297
1097;1.5;1;0.5;;50.6;298
1098;15.2;14.3;0;;50.4;299
;;;;;50.6;300
;;;;;50.9;301
;;;;;50.7;302
;;;;;50.3;303
;;;;;50.5;304
;;;;;50;305
;;;;;50.5;306
;;;;;50.9;307
;;;;;50;308
;;;;;50.1;309
;;;;;50.8;310
;;;;;50;311
;;;;;50.4;312
;;;;;50;313
;;;;;50.7;314
;;;;;50.6;315
;;;;;50.2;316
;;;;;50.7;317
;;;;;50.2;318
;;;;;50.3;319
;;;;;50.2;320
;;;;;50;321
;;;;;50.5;322
;;;;;50.7;323
;;;;;50.3;324
;;;;;50.9;325
;;;;;50.5;326
;;;;;50.6;327
;;;;;50.2;328
;;;;;50.8;329
;;;;;50;330
;;;;;50.4;331
;;;;;50.6;332
;;;;;50;333
;;;;;50.3;334
;;;;;50.9;335
;;;;;50.8;336
;;;;;50.7;337
;;;;;50.4;338
;;;;;50.3;339
;;;;;1;340
;;;;;50.9;341
;;;;;50.3;342
;;;;;50.7;343
;;;;;50.4;344
;;;;;50.2;345
;;;;;50.8;346
;;;;;50.8;347
;;;;;50.1;348
;;;;;50;349
;;;;;50;350
;;;;;50.9;351
;;;;;50.5;352
;;;;;50.5;353
;;;;;50.4;354
;;;;;50.1;355
;;;;;50;356
;;;;;50.6;357
;;;;;50.9;358
;;;;;50;359
;;;;;50.1;360
;;;;;50.4;361
;;;;;50.9;362
;;;;;50.5;363
;;;;;50.3;364
;;;;;50.5;365
;;;;;50.7;366
;;;;;50;367
;;;;;50.5;368
;;;;;50.8;369
;;;;;50.5;370
;;;;;50.1;371
;;;;;50.8;372
;;;;;50;373
;;;;;50.9;374
;;;;;50.7;375
;;;;;50.9;376
;;;;;50.5;377
;;;;;50.2;378
;;;;;50.7;379
;;;;;50.5;380
;;;;;50.8;381
;;;;;50.3;382
;;;;;50.6;383
;;;;;50.3;384
;;;;;50.8;385
;;;;;50.5;386
;;;;;50.1;387
;;;;;50.5;388
;;;;;50.7;389
;;;;;50.4;390
;;;;;50.9;391
;;;;;50.2;392
;;;;;50.1;393
;;;;;50.4;394
;;;;;50.6;395
;;;;;50.4;396
;;;;;50.8;397
;;;;;50.9;398
;;;;;50;399
;;;;;50.2;400
;;;;;50.5;401
;;;;;50.1;402
;;;;;50.6;403
;;;;;50.8;404
;;;;;50.9;405
;;;;;50.2;406
;;;;;50.7;407
;;;;;50.8;408
;;;;;50.6;409
;;;;;50.4;410
;;;;;50.3;411
;;;;;50.2;412
;;;;;50.7;413
;;;;;50.5;414
;;;;;50.8;415
;;;;;50.9;416
;;;;;50.3;417
;;;;;50.4;418
;;;;;50.2;419
;;;;;50.3;420
;;;;;50.6;421
;;;;;50;422
;;;;;50.2;423
;;;;;50.4;424
;;;;;1;425
;;;;;50;426
;;;;;50.8;427
;;;;;50.8;428
;;;;;50.9;429
;;;;;50.3;430
;;;;;50.4;431
;;;;;50.5;432
;;;;;50.1;433
;;;;;50.9;434
;;;;;50.5;435
;;;;;50.3;436
;;;;;50.3;437
;;;;;50.2;438
;;;;;50.9;439
;;;;;50.8;440
;;;;;50.8;441
;;;;;50.1;442
;;;;;50.2;443
;;;;;50.8;444
;;;;;50.1;445
;;;;;50.5;446
;;;;;50;447
;;;;;50.7;448
;;;;;50;449
;;;;;50.2;450
;;;;;50.5;451
;;;;;50.2;452
;;;;;50.2;453
;;;;;50.2;454
;;;;;50;455
;;;;;50.9;456
;;;;;50;457
;;;;;50;458
;;;;;50.8;459
;;;;;50.9;460
;;;;;50.3;461
;;;;;50.6;462
;;;;;50;463
;;;;;50.9;464
;;;;;50.3;465
;;;;;50.6;466
;;;;;50.4;467
;;;;;50.2;468
;;;;;50.6;469
;;;;;50;470
;;;;;50.5;471
;;;;;50.7;472
;;;;;50.7;473
;;;;;50.6;474
;;;;;50.4;475
;;;;;50;476
;;;;;50.6;477
;;;;;50.1;478
;;;;;50;479
;;;;;50.3;480
;;;;;50.5;481
;;;;;50.2;482
;;;;;50.5;483
;;;;;50;484
;;;;;50.1;485
;;;;;50.1;486
;;;;;50.1;487
;;;;;50.9;488
;;;;;50.5;489
;;;;;50.6;490
;;;;;50.3;491
;;;;;50.1;492
;;;;;50.9;493
;;;;;50.7;494
;;;;;50.8;495
;;;;;50.6;496
;;;;;50.8;497
;;;;;50.6;498
;;;;;50.3;499
;;;;;50;500
;;;;;50.6;501
;;;;;50.9;502
;;;;;50;503
;;;;;50.6;504
;;;;;50.7;505
;;;;;50.9;506
;;;;;50.6;507
;;;;;50.3;508
;;;;;50.4;509
;;;;;1;510
;;;;;50.8;511
;;;;;50;512
;;;;;50.7;513
;;;;;50;514
;;;;;50;515
;;;;;50.1;516
;;;;;50.8;517
;;;;;50.9;518
;;;;;50.8;519
;;;;;50.5;520
;;;;;50.7;521
;;;;;50.2;522
;;;;;50.6;523
;;;;;50.6;524
;;;;;50.6;525
;;;;;50.6;526
;;;;;50.4;527
;;;;;50.1;528
;;;;;50.4;529
;;;;;50.5;530
;;;;;50.2;531
;;;;;50.8;532
;;;;;50.1;533
;;;;;50.3;534
;;;;;50.9;535
;;;;;50.9;536
;;;;;50.8;537
;;;;;50.4;538
;;;;;50.5;539
;;;;;50.2;540
;;;;;50.6;541
;;;;;50;542
;;;;;50.8;543
;;;;;50.1;544
;;;;;50.3;545
;;;;;50.2;546
;;;;;50.8;547
;;;;;50.3;548
;;;;;50.8;549
;;;;;50.1;550
;;;;;50.9;551
;;;;;50.8;552
;;;;;50;553
;;;;;50.4;554
;;;;;50.3;555
;;;;;50.1;556
;;;;;50.5;557
;;;;;50.9;558
;;;;;50;559
;;;;;50.2;560
;;;;;50.9;561
;;;;;50.6;562
;;;;;50;563
;;;;;50.9;564
;;;;;50.5;565
;;;;;50.9;566
;;;;;50.6;567
;;;;;50.9;568
;;;;;50;569
;;;;;50.7;570
;;;;;50.9;571
;;;;;50.3;572
;;;;;50;573
;;;;;50.4;574
;;;;;50.2;575
;;;;;50.3;576
;;;;;50;577
;;;;;50.5;578
;;;;;50;579
;;;;;50;580
;;;;;50.8;581
;;;;;50.7;582
;;;;;50.4;583
;;;;;50.2;584
;;;;;50;585
;;;;;50.7;586
;;;;;50.5;587
;;;;;50.7;588
;;;;;50.9;589
;;;;;50.4;590
;;;;;50.4;591
;;;;;50.9;592
;;;;;50.2;593
;;;;;50.8;594
;;;;;1;595
;;;;;50.9;596
;;;;;50.5;597
;;;;;50.8;598
;;;;;50.1;599
;;;;;50.3;600
;;;;;50.3;601
;;;;;50.9;602
;;;;;50.1;603
;;;;;50.3;604
;;;;;50.9;605
;;;;;50.3;606
;;;;;50.1;607
;;;;;50.5;608
;;;;;50.8;609
;;;;;50.5;610
;;;;;50.5;611
;;;;;50.7;612
;;;;;50.6;613
;;;;;50;614
;;;;;50.1;615
;;;;;50.5;616
;;;;;50.5;617
;;;;;50.4;618
;;;;;50.9;619
;;;;;50.8;620
;;;;;50.6;621
;;;;;50.3;622
;;;;;50.5;623
;;;;;50.5;624
;;;;;50.3;625
;;;;;50.2;626
;;;;;50.8;627
;;;;;50.2;628
;;;;;50.5;629
;;;;;50.7;630
;;;;;50.6;631
;;;;;50.5;632
;;;;;50.7;633
;;;;;50.4;634
;;;;;50.6;635
;;;;;50;636
;;;;;50.3;637
;;;;;50.6;638
;;;;;50.2;639
;;;;;50.5;640
;;;;;50.1;641
;;;;;50.9;642
;;;;;50.2;643
;;;;;50.8;644
;;;;;50.2;645
;;;;;50.6;646
;;;;;50.2;647
;;;;;50.5;648
;;;;;50.7;649
;;;;;50.5;650
;;;;;50.2;651
;;;;;50.7;652
;;;;;50.3;653
;;;;;50.7;654
;;;;;50.4;655
;;;;;50.5;656
;;;;;50;657
;;;;;50;658
;;;;;50.5;659
;;;;;50.3;660
;;;;;50.2;661
;;;;;50.3;662
;;;;;50;663
;;;;;50.1;664
;;;;;50.4;665
;;;;;50.8;666
;;;;;50.9;667
;;;;;50.1;668
;;;;;50.2;669
;;;;;50.1;670
;;;;;50.4;671
;;;;;50.2;672
;;;;;50.8;673
;;;;;50.4;674
;;;;;50.4;675
;;;;;50.4;676
;;;;;50.4;677
;;;;;50.7;678
;;;;;50.1;679
;;;;;1;680
;;;;;50.1;681
;;;;;50.5;682
;;;;;50.1;683
;;;;;50.8;684
;;;;;50.3;685
;;;;;50.3;686
;;;;;50.9;687
;;;;;50.6;688
;;;;;50.9;689
;;;;;50.3;690
;;;;;50.6;691
;;;;;50.9;692
;;;;;50;693
;;;;;50.6;694
;;;;;50.3;695
;;;;;50.4;696
;;;;;50.7;697
;;;;;50;698
;;;;;50.9;699
;;;;;50.8;700
;;;;;50.1;701
;;;;;50.4;702
;;;;;50.5;703
;;;;;50;704
;;;;;50.3;705
;;;;;50.9;706
;;;;;50.6;707
;;;;;50.5;708
;;;;;50.5;709
;;;;;50;710
;;;;;50.7;711
;;;;;50.9;712
;;;;;50.3;713
;;;;;50.8;714
;;;;;50.1;715
;;;;;50;716
;;;;;50.4;717
;;;;;50.5;718
;;;;;50.8;719
;;;;;50.6;720
;;;;;50.6;721
;;;;;50.1;722
;;;;;50.8;723
;;;;;50.9;724
;;;;;50.5;725
;;;;;50.7;726
;;;;;50.5;727
;;;;;50.2;728
;;;;;50.4;729
;;;;;50.4;730
;;;;;50;731
;;;;;50.1;732
;;;;;50.2;733
;;;;;50.7;734
;;;;;50.5;735
;;;;;50.7;736
;;;;;50.8;737
;;;;;50.8;738
;;;;;50.8;739
;;;;;50.3;740
;;;;;50.8;741
;;;;;50.5;742
;;;;;50.6;743
;;;;;50.3;744
;;;;;50.7;745
;;;;;50.9;746
;;;;;50;747
;;;;;50.2;748
;;;;;50.5;749
;;;;;50.9;750
;;;;;50.3;751
;;;;;50.7;752
;;;;;50.3;753
;;;;;50.4;754
;;;;;50.3;755
;;;;;50.5;756
;;;;;50.1;757
;;;;;50.9;758
;;;;;50.8;759
;;;;;50.5;760
;;;;;50.1;761
;;;;;50.2;762
;;;;;50.2;763
;;;;;50.1;764
;;;;;1;765
;;;;;50.5;766
;;;;;50;767
;;;;;50.8;768
;;;;;50.1;769
;;;;;50.1;770
;;;;;50.2;771
;;;;;50.6;772
;;;;;50.5;773
;;;;;50.7;774
;;;;;50.4;775
;;;;;50.1;776
;;;;;50.9;777
;;;;;50.2;778
;;;;;50.4;779
;;;;;50.8;780
;;;;;50.8;781
;;;;;50.6;782
;;;;;50;783
;;;;;50.2;784
;;;;;50;785
;;;;;50.3;786
;;;;;50.6;787
;;;;;50.2;788
;;;;;50.2;789
;;;;;50.7;790
;;;;;50.8;791
;;;;;50.4;792
;;;;;50.9;793
;;;;;50;794
;;;;;50;795
;;;;;50.8;796
;;;;;50.6;797
;;;;;50.7;798
;;;;;50.1;799
;;;;;50;800
;;;;;50.6;801
;;;;;50.4;802
;;;;;50.4;803
;;;;;50.3;804
;;;;;50.4;805
;;;;;50.1;806
;;;;;50.6;807
;;;;;50.9;808
;;;;;50.1;809
;;;;;50.5;810
;;;;;50.1;811
;;;;;50.4;812
;;;;;50.3;813
;;;;;50;814
;;;;;50.7;815
;;;;;50.9;816
;;;;;50.6;817
;;;;;50.2;818
;;;;;50.1;819
;;;;;50.2;820
;;;;;50.6;821
;;;;;50.1;822
;;;;;50.5;823
;;;;;50.2;824
;;;;;50.9;825
;;;;;50.4;826
;;;;;50.8;827
;;;;;50.2;828
;;;;;50.2;829
;;;;;50.8;830
;;;;;50.8;831
;;;;;50.3;832
;;;;;50.5;833
;;;;;50.4;834
;;;;;50.7;835
;;;;;50.7;836
;;;;;50.9;837
;;;;;50.7;838
;;;;;50.7;839
;;;;;50.4;840
;;;;;50.7;841
;;;;;50.1;842
;;;;;50;843
;;;;;50.5;844
;;;;;50.6;845
;;;;;50.3;846
;;;;;50.3;847
;;;;;50.7;848
;;;;;50.3;849
