Timestamp;Capacidad disponible;Capacidad utilizada;% Memoria utilizada;;;
1;10405932;895244;7.921688858;;;
2;10406788;894388;7.914114425;;;
3;10406260;894916;7.918786505;;;
4;10406352;894824;7.91797243;;;
5;10406384;894792;7.917689274;;;
6;10406384;894792;7.917689274;;;
7;10406384;894792;7.917689274;;;
8;10406384;894792;7.917689274;;;
9;10406384;894792;7.917689274;;;
10;10406384;894792;7.917689274;;;
11;10406424;894752;7.917335329;;;
12;10406524;894652;7.916450465;;;
13;10406260;894916;7.918786505;;;
14;10406260;894916;7.918786505;;;
15;10406260;894916;7.918786505;;;
16;10406260;894916;7.918786505;;;
17;10406260;894916;7.918786505;;;
18;10406260;894916;7.918786505;;;
19;10406268;894908;7.918715716;;;
20;10406268;894908;7.918715716;;;
21;10406368;894808;7.917830852;;;
22;10406368;894808;7.917830852;;;
23;10406204;894972;7.919282029;;;
24;10406268;894908;7.918715716;;;
25;10406260;894916;7.918786505;;;
26;10406260;894916;7.918786505;;;
27;10406260;894916;7.918786505;;;
28;10405880;895296;7.922148987;;;
29;10406152;895024;7.919742158;;;
30;10406136;895040;7.919883736;;;
31;10406136;895040;7.919883736;;;
32;10405752;895424;7.923281612;;;
33;10406020;895156;7.920910178;;;
34;10405892;895284;7.922042803;;;
35;10405892;895284;7.922042803;;;
36;10406012;895164;7.920980967;;;
37;10406004;895172;7.921051756;;;
38;10406004;895172;7.921051756;;;
39;10405896;895280;7.922007409;;;
40;10405772;895404;7.92310464;;;
41;10405740;895436;7.923387796;;;
42;10405764;895412;7.923175429;;;
43;10405764;895412;7.923175429;;;
44;10405764;895412;7.923175429;;;
45;10405764;895412;7.923175429;;;
46;10405768;895408;7.923140034;;;
47;10405780;895396;7.923033851;;;
48;10405516;895660;7.925369891;;;
49;10405516;895660;7.925369891;;;
50;10405508;895668;7.92544068;;;
51;10405384;895792;7.926537911;;;
52;10405740;895436;7.923387796;;;
53;10405772;895404;7.92310464;;;
54;10405384;895792;7.926537911;;;
55;10405384;895792;7.926537911;;;
56;10405384;895792;7.926537911;;;
57;10405384;895792;7.926537911;;;
58;10405384;895792;7.926537911;;;
59;10405384;895792;7.926537911;;;
60;10405384;895792;7.926537911;;;
61;10405384;895792;7.926537911;;;
62;10405744;895432;7.923352402;;;
63;10405904;895272;7.92193662;;;
64;10405388;895788;7.926502516;;;
65;10405516;895660;7.925369891;;;
66;10405516;895660;7.925369891;;;
67;10405876;895300;7.922184382;;;
68;10406020;895156;7.920910178;;;
69;10406136;895040;7.919883736;;;
70;10406144;895032;7.919812947;;;
71;10405652;895524;7.924166476;;;
72;10405756;895420;7.923246218;;;
73;10405756;895420;7.923246218;;;
74;10405756;895420;7.923246218;;;
75;10405756;895420;7.923246218;;;
76;10405756;895420;7.923246218;;;
77;10405756;895420;7.923246218;;;
78;10405756;895420;7.923246218;;;
79;10405756;895420;7.923246218;;;
80;10405756;895420;7.923246218;;;
81;10405756;895420;7.923246218;;;
82;10405756;895420;7.923246218;;;
83;10405756;895420;7.923246218;;;
84;10405756;895420;7.923246218;;;
85;10405748;895428;7.923317007;;;
86;10405748;895428;7.923317007;;;
87;10405748;895428;7.923317007;;;
88;10405748;895428;7.923317007;;;
89;10405748;895428;7.923317007;;;
90;10405880;895296;7.922148987;;;
91;10405880;895296;7.922148987;;;
92;10405984;895192;7.921228729;;;
93;10405996;895180;7.921122545;;;
94;10406004;895172;7.921051756;;;
95;10405960;895216;7.921441096;;;
96;10405952;895224;7.921511885;;;
97;10406116;895060;7.920060709;;;
98;10406128;895048;7.919954525;;;
99;10406136;895040;7.919883736;;;
100;10406220;894956;7.919140451;;;
101;10406392;894784;7.917618485;;;
102;10406392;894784;7.917618485;;;
103;10406188;894988;7.919423607;;;
104;10406252;894924;7.918857294;;;
105;10406252;894924;7.918857294;;;
106;10406252;894924;7.918857294;;;
107;10406252;894924;7.918857294;;;
108;10406128;895048;7.919954525;;;
109;10406128;895048;7.919954525;;;
110;10406128;895048;7.919954525;;;
111;10406128;895048;7.919954525;;;
112;10406128;895048;7.919954525;;;
113;10406128;895048;7.919954525;;;
114;10405700;895476;7.923741742;;;
115;10405772;895404;7.92310464;;;
116;10405384;895792;7.926537911;;;
117;10405384;895792;7.926537911;;;
118;10405384;895792;7.926537911;;;
119;10405392;895784;7.926467122;;;
120;10405392;895784;7.926467122;;;
121;10405392;895784;7.926467122;;;
122;10405268;895908;7.927564353;;;
123;10405268;895908;7.927564353;;;
124;10405260;895916;7.927635142;;;
125;10405260;895916;7.927635142;;;
126;10405260;895916;7.927635142;;;
127;10405260;895916;7.927635142;;;
128;10405400;895776;7.926396333;;;
129;10405400;895776;7.926396333;;;
130;10405384;895792;7.926537911;;;
131;10405384;895792;7.926537911;;;
132;10405384;895792;7.926537911;;;
133;10405384;895792;7.926537911;;;
134;10405384;895792;7.926537911;;;
135;10405384;895792;7.926537911;;;
136;10405384;895792;7.926537911;;;
137;10405392;895784;7.926467122;;;
138;10405392;895784;7.926467122;;;
139;10405392;895784;7.926467122;;;
140;10405384;895792;7.926537911;;;
141;10405400;895776;7.926396333;;;
142;10405400;895776;7.926396333;;;
143;10405496;895680;7.925546863;;;
144;10405496;895680;7.925546863;;;
145;10405496;895680;7.925546863;;;
146;10405508;895668;7.92544068;;;
147;10405508;895668;7.92544068;;;
148;10405508;895668;7.92544068;;;
149;10405508;895668;7.92544068;;;
150;10405508;895668;7.92544068;;;
151;10405508;895668;7.92544068;;;
152;10405508;895668;7.92544068;;;
153;10405276;895900;7.927493564;;;
154;10405276;895900;7.927493564;;;
155;10405012;896164;7.929829604;;;
156;10405020;896156;7.929758814;;;
157;10405012;896164;7.929829604;;;
158;10405012;896164;7.929829604;;;
159;10405012;896164;7.929829604;;;
160;10405012;896164;7.929829604;;;
161;10405524;895652;7.925299102;;;
162;10405524;895652;7.925299102;;;
163;10405524;895652;7.925299102;;;
164;10405320;895856;7.927104223;;;
165;10405384;895792;7.926537911;;;
166;10405384;895792;7.926537911;;;
167;10405384;895792;7.926537911;;;
168;10405384;895792;7.926537911;;;
169;10405384;895792;7.926537911;;;
170;10405384;895792;7.926537911;;;
171;10405384;895792;7.926537911;;;
172;10405384;895792;7.926537911;;;
173;10405384;895792;7.926537911;;;
174;10405384;895792;7.926537911;;;
175;10405384;895792;7.926537911;;;
176;10405384;895792;7.926537911;;;
177;10405384;895792;7.926537911;;;
178;10405524;895652;7.925299102;;;
179;10405524;895652;7.925299102;;;
180;10405508;895668;7.92544068;;;
181;10405508;895668;7.92544068;;;
182;10405508;895668;7.92544068;;;
183;10405508;895668;7.92544068;;;
184;10405392;895784;7.926467122;;;
185;10405392;895784;7.926467122;;;
186;10405408;895768;7.926325543;;;
187;10405408;895768;7.926325543;;;
188;10405144;896032;7.928661584;;;
189;10405144;896032;7.928661584;;;
190;10405144;896032;7.928661584;;;
191;10405144;896032;7.928661584;;;
192;10405144;896032;7.928661584;;;
193;10405144;896032;7.928661584;;;
194;10405144;896032;7.928661584;;;
195;10405144;896032;7.928661584;;;
196;10405144;896032;7.928661584;;;
197;10405144;896032;7.928661584;;;
198;10405144;896032;7.928661584;;;
199;10405144;896032;7.928661584;;;
200;10405144;896032;7.928661584;;;
201;10405144;896032;7.928661584;;;
202;10405144;896032;7.928661584;;;
203;10405144;896032;7.928661584;;;
204;10405144;896032;7.928661584;;;
205;10405144;896032;7.928661584;;;
206;10405136;896040;7.928732373;;;
207;10405136;896040;7.928732373;;;
208;10405136;896040;7.928732373;;;
209;10405136;896040;7.928732373;;;
210;10405136;896040;7.928732373;;;
211;10405136;896040;7.928732373;;;
212;10405136;896040;7.928732373;;;
213;10405136;896040;7.928732373;;;
214;10405136;896040;7.928732373;;;
215;10405136;896040;7.928732373;;;
216;10405152;896024;7.928590794;;;
217;10405152;896024;7.928590794;;;
218;10405152;896024;7.928590794;;;
219;10405152;896024;7.928590794;;;
220;10405152;896024;7.928590794;;;
221;10405144;896032;7.928661584;;;
222;10405144;896032;7.928661584;;;
223;10405144;896032;7.928661584;;;
224;10404884;896292;7.930962229;;;
225;10404884;896292;7.930962229;;;
226;10405056;896120;7.929440264;;;
227;10405020;896156;7.929758814;;;
228;10405020;896156;7.929758814;;;
229;10405020;896156;7.929758814;;;
230;10405020;896156;7.929758814;;;
231;10405020;896156;7.929758814;;;
232;10405020;896156;7.929758814;;;
233;10405020;896156;7.929758814;;;
234;10405020;896156;7.929758814;;;
235;10405020;896156;7.929758814;;;
236;10405020;896156;7.929758814;;;
237;10405020;896156;7.929758814;;;
238;10405020;896156;7.929758814;;;
239;10405020;896156;7.929758814;;;
240;10405020;896156;7.929758814;;;
241;10405020;896156;7.929758814;;;
242;10405020;896156;7.929758814;;;
243;10405020;896156;7.929758814;;;
244;10405020;896156;7.929758814;;;
245;10405020;896156;7.929758814;;;
246;10405020;896156;7.929758814;;;
247;10405020;896156;7.929758814;;;
248;10405020;896156;7.929758814;;;
249;10405020;896156;7.929758814;;;
250;10405020;896156;7.929758814;;;
251;10405020;896156;7.929758814;;;
252;10405020;896156;7.929758814;;;
253;10405020;896156;7.929758814;;;
254;10405020;896156;7.929758814;;;
255;10405020;896156;7.929758814;;;
256;10405020;896156;7.929758814;;;
257;10405020;896156;7.929758814;;;
258;10405020;896156;7.929758814;;;
259;10405020;896156;7.929758814;;;
260;10405020;896156;7.929758814;;;
261;10405020;896156;7.929758814;;;
262;10405020;896156;7.929758814;;;
263;10405020;896156;7.929758814;;;
264;10405020;896156;7.929758814;;;
265;10405020;896156;7.929758814;;;
266;10405020;896156;7.929758814;;;
267;10405020;896156;7.929758814;;;
268;10404896;896280;7.930856045;;;
269;10404896;896280;7.930856045;;;
270;10404896;896280;7.930856045;;;
271;10404896;896280;7.930856045;;;
272;10404896;896280;7.930856045;;;
273;10404896;896280;7.930856045;;;
274;10404896;896280;7.930856045;;;
275;10405036;896140;7.929617236;;;
276;10405036;896140;7.929617236;;;
277;10405020;896156;7.929758814;;;
278;10405020;896156;7.929758814;;;
279;10405020;896156;7.929758814;;;
280;10405012;896164;7.929829604;;;
281;10405012;896164;7.929829604;;;
282;10405012;896164;7.929829604;;;
283;10405012;896164;7.929829604;;;
284;10405012;896164;7.929829604;;;
285;10405012;896164;7.929829604;;;
286;10405012;896164;7.929829604;;;
287;10405012;896164;7.929829604;;;
288;10405020;896156;7.929758814;;;
289;10405020;896156;7.929758814;;;
290;10404748;896428;7.932165644;;;
291;10405152;896024;7.928590794;;;
292;10404764;896412;7.932024065;;;
293;10404764;896412;7.932024065;;;
294;10404764;896412;7.932024065;;;
295;10404764;896412;7.932024065;;;
296;10404764;896412;7.932024065;;;
297;10404756;896420;7.932094855;;;
298;10404764;896412;7.932024065;;;
299;10404764;896412;7.932024065;;;
300;10404772;896404;7.931953276;;;
301;10404772;896404;7.931953276;;;
302;10404772;896404;7.931953276;;;
303;10404772;896404;7.931953276;;;
304;10404772;896404;7.931953276;;;
305;10404772;896404;7.931953276;;;
306;10404772;896404;7.931953276;;;
307;10404772;896404;7.931953276;;;
308;10404772;896404;7.931953276;;;
309;10404772;896404;7.931953276;;;
310;10404772;896404;7.931953276;;;
311;10404904;896272;7.930785256;;;
312;10405152;896024;7.928590794;;;
313;10405012;896164;7.929829604;;;
314;10405020;896156;7.929758814;;;
315;10405020;896156;7.929758814;;;
316;10405020;896156;7.929758814;;;
317;10405020;896156;7.929758814;;;
318;10405020;896156;7.929758814;;;
319;10405020;896156;7.929758814;;;
320;10405020;896156;7.929758814;;;
321;10404896;896280;7.930856045;;;
322;10404896;896280;7.930856045;;;
323;10404896;896280;7.930856045;;;
324;10404896;896280;7.930856045;;;
325;10404896;896280;7.930856045;;;
326;10404896;896280;7.930856045;;;
327;10404896;896280;7.930856045;;;
328;10404896;896280;7.930856045;;;
329;10404896;896280;7.930856045;;;
330;10404896;896280;7.930856045;;;
331;10404896;896280;7.930856045;;;
332;10404888;896288;7.930926835;;;
333;10404888;896288;7.930926835;;;
334;10404888;896288;7.930926835;;;
335;10404888;896288;7.930926835;;;
336;10404888;896288;7.930926835;;;
337;10404888;896288;7.930926835;;;
338;10404888;896288;7.930926835;;;
339;10404888;896288;7.930926835;;;
340;10404888;896288;7.930926835;;;
341;10404888;896288;7.930926835;;;
342;10404888;896288;7.930926835;;;
343;10404888;896288;7.930926835;;;
344;10404896;896280;7.930856045;;;
345;10404896;896280;7.930856045;;;
346;10404896;896280;7.930856045;;;
347;10404896;896280;7.930856045;;;
348;10405408;895768;7.926325543;;;
349;10405408;895768;7.926325543;;;
350;10405268;895908;7.927564353;;;
351;10405268;895908;7.927564353;;;
352;10405268;895908;7.927564353;;;
353;10405268;895908;7.927564353;;;
354;10405268;895908;7.927564353;;;
355;10405268;895908;7.927564353;;;
356;10405268;895908;7.927564353;;;
357;10405268;895908;7.927564353;;;
358;10405268;895908;7.927564353;;;
359;10405268;895908;7.927564353;;;
360;10405268;895908;7.927564353;;;
361;10405268;895908;7.927564353;;;
362;10405268;895908;7.927564353;;;
363;10405268;895908;7.927564353;;;
364;10405268;895908;7.927564353;;;
365;10405268;895908;7.927564353;;;
366;10405268;895908;7.927564353;;;
367;10405268;895908;7.927564353;;;
368;10405268;895908;7.927564353;;;
369;10405260;895916;7.927635142;;;
370;10405260;895916;7.927635142;;;
371;10405260;895916;7.927635142;;;
372;10405260;895916;7.927635142;;;
373;10405260;895916;7.927635142;;;
374;10405260;895916;7.927635142;;;
375;10405260;895916;7.927635142;;;
376;10405260;895916;7.927635142;;;
377;10405196;895980;7.928201454;;;
378;10405152;896024;7.928590794;;;
379;10404344;896832;7.935740493;;;
380;10404524;896652;7.934147738;;;
381;10404524;896652;7.934147738;;;
382;10404516;896660;7.934218527;;;
383;10404516;896660;7.934218527;;;
384;10404516;896660;7.934218527;;;
385;10404516;896660;7.934218527;;;
386;10404516;896660;7.934218527;;;
387;10404392;896784;7.935315758;;;
388;10404392;896784;7.935315758;;;
389;10404392;896784;7.935315758;;;
390;10404392;896784;7.935315758;;;
391;10404392;896784;7.935315758;;;
392;10404392;896784;7.935315758;;;
393;10404392;896784;7.935315758;;;
394;10404384;896792;7.935386547;;;
395;10404384;896792;7.935386547;;;
396;10404392;896784;7.935315758;;;
397;10404392;896784;7.935315758;;;
398;10404392;896784;7.935315758;;;
399;10404392;896784;7.935315758;;;
400;10404392;896784;7.935315758;;;
401;10404400;896776;7.935244969;;;
402;10404400;896776;7.935244969;;;
403;10404400;896776;7.935244969;;;
404;10404400;896776;7.935244969;;;
405;10404408;896768;7.93517418;;;
406;10404408;896768;7.93517418;;;
407;10404408;896768;7.93517418;;;
408;10404312;896864;7.936023649;;;
409;10404548;896628;7.933935371;;;
410;10404648;896528;7.933050507;;;
411;10404648;896528;7.933050507;;;
412;10404648;896528;7.933050507;;;
413;10404648;896528;7.933050507;;;
414;10404648;896528;7.933050507;;;
415;10404648;896528;7.933050507;;;
416;10404648;896528;7.933050507;;;
417;10404648;896528;7.933050507;;;
418;10404656;896520;7.932979718;;;
419;10404656;896520;7.932979718;;;
420;10404656;896520;7.932979718;;;
421;10404656;896520;7.932979718;;;
422;10404656;896520;7.932979718;;;
423;10404656;896520;7.932979718;;;
424;10404656;896520;7.932979718;;;
425;10404656;896520;7.932979718;;;
426;10404656;896520;7.932979718;;;
427;10404656;896520;7.932979718;;;
428;10404656;896520;7.932979718;;;
429;10404656;896520;7.932979718;;;
430;10404656;896520;7.932979718;;;
431;10404656;896520;7.932979718;;;
432;10404656;896520;7.932979718;;;
433;10404656;896520;7.932979718;;;
434;10404656;896520;7.932979718;;;
435;10404656;896520;7.932979718;;;
436;10404672;896504;7.93283814;;;
437;10404672;896504;7.93283814;;;
438;10404656;896520;7.932979718;;;
439;10404656;896520;7.932979718;;;
440;10404656;896520;7.932979718;;;
441;10404656;896520;7.932979718;;;
442;10404656;896520;7.932979718;;;
443;10404656;896520;7.932979718;;;
444;10404656;896520;7.932979718;;;
445;10404648;896528;7.933050507;;;
446;10404648;896528;7.933050507;;;
447;10404524;896652;7.934147738;;;
448;10404524;896652;7.934147738;;;
449;10404524;896652;7.934147738;;;
450;10404524;896652;7.934147738;;;
451;10404524;896652;7.934147738;;;
452;10404524;896652;7.934147738;;;
453;10404524;896652;7.934147738;;;
454;10404524;896652;7.934147738;;;
455;10404524;896652;7.934147738;;;
456;10404532;896644;7.934076949;;;
457;10404532;896644;7.934076949;;;
458;10404532;896644;7.934076949;;;
459;10404532;896644;7.934076949;;;
460;10404532;896644;7.934076949;;;
461;10404532;896644;7.934076949;;;
462;10404532;896644;7.934076949;;;
463;10404532;896644;7.934076949;;;
464;10404532;896644;7.934076949;;;
465;10404532;896644;7.934076949;;;
466;10404532;896644;7.934076949;;;
467;10404300;896876;7.936129833;;;
468;10404424;896752;7.935032602;;;
469;10404408;896768;7.93517418;;;
470;10404408;896768;7.93517418;;;
471;10404408;896768;7.93517418;;;
472;10404408;896768;7.93517418;;;
473;10404408;896768;7.93517418;;;
474;10404408;896768;7.93517418;;;
475;10404408;896768;7.93517418;;;
476;10404408;896768;7.93517418;;;
477;10404408;896768;7.93517418;;;
478;10404408;896768;7.93517418;;;
479;10404408;896768;7.93517418;;;
480;10404408;896768;7.93517418;;;
481;10404408;896768;7.93517418;;;
482;10404408;896768;7.93517418;;;
483;10404408;896768;7.93517418;;;
484;10404408;896768;7.93517418;;;
485;10404408;896768;7.93517418;;;
486;10404408;896768;7.93517418;;;
487;10404408;896768;7.93517418;;;
488;10404408;896768;7.93517418;;;
489;10404408;896768;7.93517418;;;
490;10404408;896768;7.93517418;;;
491;10404408;896768;7.93517418;;;
492;10404392;896784;7.935315758;;;
493;10404392;896784;7.935315758;;;
494;10404392;896784;7.935315758;;;
495;10404392;896784;7.935315758;;;
496;10404392;896784;7.935315758;;;
497;10404216;896960;7.936873118;;;
498;10404400;896776;7.935244969;;;
499;10404400;896776;7.935244969;;;
500;10404384;896792;7.935386547;;;
501;10404384;896792;7.935386547;;;
502;10404384;896792;7.935386547;;;
503;10404384;896792;7.935386547;;;
504;10404384;896792;7.935386547;;;
505;10404384;896792;7.935386547;;;
506;10404384;896792;7.935386547;;;
507;10404384;896792;7.935386547;;;
508;10404392;896784;7.935315758;;;
509;10404392;896784;7.935315758;;;
510;10404392;896784;7.935315758;;;
511;10404392;896784;7.935315758;;;
512;10404392;896784;7.935315758;;;
513;10404392;896784;7.935315758;;;
514;10404392;896784;7.935315758;;;
515;10404392;896784;7.935315758;;;
516;10404268;896908;7.936412989;;;
517;10404268;896908;7.936412989;;;
518;10404268;896908;7.936412989;;;
519;10404268;896908;7.936412989;;;
520;10404268;896908;7.936412989;;;
521;10404268;896908;7.936412989;;;
522;10404268;896908;7.936412989;;;
523;10404268;896908;7.936412989;;;
524;10404268;896908;7.936412989;;;
525;10404268;896908;7.936412989;;;
526;10404268;896908;7.936412989;;;
527;10404268;896908;7.936412989;;;
528;10404268;896908;7.936412989;;;
529;10404268;896908;7.936412989;;;
530;10404268;896908;7.936412989;;;
531;10404268;896908;7.936412989;;;
532;10404268;896908;7.936412989;;;
533;10404268;896908;7.936412989;;;
534;10404268;896908;7.936412989;;;
535;10404268;896908;7.936412989;;;
536;10404268;896908;7.936412989;;;
537;10404268;896908;7.936412989;;;
538;10404268;896908;7.936412989;;;
539;10404268;896908;7.936412989;;;
540;10404268;896908;7.936412989;;;
541;10404268;896908;7.936412989;;;
542;10404268;896908;7.936412989;;;
543;10404268;896908;7.936412989;;;
544;10404268;896908;7.936412989;;;
545;10404268;896908;7.936412989;;;
546;10404260;896916;7.936483778;;;
547;10404260;896916;7.936483778;;;
548;10404260;896916;7.936483778;;;
549;10404260;896916;7.936483778;;;
550;10404260;896916;7.936483778;;;
551;10404260;896916;7.936483778;;;
552;10404260;896916;7.936483778;;;
553;10404252;896924;7.936554567;;;
554;10404260;896916;7.936483778;;;
555;10404260;896916;7.936483778;;;
556;10404256;896920;7.936519173;;;
557;10404284;896892;7.936271411;;;
558;10404204;896972;7.936979302;;;
559;10404268;896908;7.936412989;;;
560;10404268;896908;7.936412989;;;
561;10404268;896908;7.936412989;;;
562;10404268;896908;7.936412989;;;
563;10404268;896908;7.936412989;;;
564;10404268;896908;7.936412989;;;
565;10404268;896908;7.936412989;;;
566;10404260;896916;7.936483778;;;
567;10404260;896916;7.936483778;;;
568;10404260;896916;7.936483778;;;
569;10404260;896916;7.936483778;;;
570;10404260;896916;7.936483778;;;
571;10404260;896916;7.936483778;;;
572;10404260;896916;7.936483778;;;
573;10404260;896916;7.936483778;;;
574;10404136;897040;7.937581009;;;
575;10404136;897040;7.937581009;;;
576;10404136;897040;7.937581009;;;
577;10404120;897056;7.937722587;;;
578;10404120;897056;7.937722587;;;
579;10404136;897040;7.937581009;;;
580;10404136;897040;7.937581009;;;
581;10404136;897040;7.937581009;;;
582;10404136;897040;7.937581009;;;
583;10404136;897040;7.937581009;;;
584;10404136;897040;7.937581009;;;
585;10404136;897040;7.937581009;;;
586;10404136;897040;7.937581009;;;
587;10404136;897040;7.937581009;;;
588;10404136;897040;7.937581009;;;
589;10404136;897040;7.937581009;;;
590;10404136;897040;7.937581009;;;
591;10404136;897040;7.937581009;;;
592;10404136;897040;7.937581009;;;
593;10404136;897040;7.937581009;;;
594;10404132;897044;7.937616404;;;
595;10404036;897140;7.938465873;;;
596;10403216;897960;7.945721755;;;
597;10403288;897888;7.945084653;;;
598;10403400;897776;7.944093606;;;
599;10403400;897776;7.944093606;;;
600;10403400;897776;7.944093606;;;
601;10403400;897776;7.944093606;;;
602;10403400;897776;7.944093606;;;
603;10403400;897776;7.944093606;;;
604;10403400;897776;7.944093606;;;
605;10403400;897776;7.944093606;;;
606;10403400;897776;7.944093606;;;
607;10403400;897776;7.944093606;;;
608;10403400;897776;7.944093606;;;
609;10403400;897776;7.944093606;;;
610;10403400;897776;7.944093606;;;
611;10403400;897776;7.944093606;;;
612;10403400;897776;7.944093606;;;
613;10403400;897776;7.944093606;;;
614;10403400;897776;7.944093606;;;
615;10403400;897776;7.944093606;;;
616;10403400;897776;7.944093606;;;
617;10403400;897776;7.944093606;;;
618;10403400;897776;7.944093606;;;
619;10403392;897784;7.944164395;;;
620;10403392;897784;7.944164395;;;
621;10403392;897784;7.944164395;;;
622;10403392;897784;7.944164395;;;
623;10403392;897784;7.944164395;;;
624;10403392;897784;7.944164395;;;
625;10403392;897784;7.944164395;;;
626;10403392;897784;7.944164395;;;
627;10403392;897784;7.944164395;;;
628;10403392;897784;7.944164395;;;
629;10403400;897776;7.944093606;;;
630;10403400;897776;7.944093606;;;
631;10403400;897776;7.944093606;;;
632;10403400;897776;7.944093606;;;
633;10403400;897776;7.944093606;;;
634;10403400;897776;7.944093606;;;
635;10403400;897776;7.944093606;;;
636;10403400;897776;7.944093606;;;
637;10403400;897776;7.944093606;;;
638;10403400;897776;7.944093606;;;
639;10403400;897776;7.944093606;;;
640;10403392;897784;7.944164395;;;
641;10403392;897784;7.944164395;;;
642;10403392;897784;7.944164395;;;
643;10403392;897784;7.944164395;;;
644;10403392;897784;7.944164395;;;
645;10403392;897784;7.944164395;;;
646;10403392;897784;7.944164395;;;
647;10403268;897908;7.945261626;;;
648;10403268;897908;7.945261626;;;
649;10403276;897900;7.945190837;;;
650;10403276;897900;7.945190837;;;
651;10403276;897900;7.945190837;;;
652;10403276;897900;7.945190837;;;
653;10403276;897900;7.945190837;;;
654;10403276;897900;7.945190837;;;
655;10403276;897900;7.945190837;;;
656;10403276;897900;7.945190837;;;
657;10403592;897584;7.942394668;;;
658;10403656;897520;7.941828355;;;
659;10403700;897476;7.941439015;;;
660;10403772;897404;7.940801913;;;
661;10403772;897404;7.940801913;;;
662;10403772;897404;7.940801913;;;
663;10403772;897404;7.940801913;;;
664;10403772;897404;7.940801913;;;
665;10403772;897404;7.940801913;;;
666;10403764;897412;7.940872702;;;
667;10403764;897412;7.940872702;;;
668;10403764;897412;7.940872702;;;
669;10403764;897412;7.940872702;;;
670;10403764;897412;7.940872702;;;
671;10403772;897404;7.940801913;;;
672;10403772;897404;7.940801913;;;
673;10403772;897404;7.940801913;;;
674;10403772;897404;7.940801913;;;
675;10403772;897404;7.940801913;;;
676;10403780;897396;7.940731124;;;
677;10403780;897396;7.940731124;;;
678;10403780;897396;7.940731124;;;
679;10403780;897396;7.940731124;;;
680;10403780;897396;7.940731124;;;
681;10403780;897396;7.940731124;;;
682;10403780;897396;7.940731124;;;
683;10403780;897396;7.940731124;;;
684;10403780;897396;7.940731124;;;
685;10403780;897396;7.940731124;;;
686;10403780;897396;7.940731124;;;
687;10403780;897396;7.940731124;;;
688;10403780;897396;7.940731124;;;
689;10403780;897396;7.940731124;;;
690;10403780;897396;7.940731124;;;
691;10403780;897396;7.940731124;;;
692;10403780;897396;7.940731124;;;
693;10403780;897396;7.940731124;;;
694;10403780;897396;7.940731124;;;
695;10403780;897396;7.940731124;;;
696;10403780;897396;7.940731124;;;
697;10403780;897396;7.940731124;;;
698;10403672;897504;7.941686777;;;
699;10403796;897380;7.940589546;;;
700;10403208;897968;7.945792544;;;
701;10403392;897784;7.944164395;;;
702;10403276;897900;7.945190837;;;
703;10403276;897900;7.945190837;;;
704;10403276;897900;7.945190837;;;
705;10403276;897900;7.945190837;;;
706;10403376;897800;7.944305973;;;
707;10403400;897776;7.944093606;;;
708;10403400;897776;7.944093606;;;
709;10403400;897776;7.944093606;;;
710;10403400;897776;7.944093606;;;
711;10403400;897776;7.944093606;;;
712;10403400;897776;7.944093606;;;
713;10403400;897776;7.944093606;;;
714;10403400;897776;7.944093606;;;
715;10403400;897776;7.944093606;;;
716;10403400;897776;7.944093606;;;
717;10403400;897776;7.944093606;;;
718;10403400;897776;7.944093606;;;
719;10403400;897776;7.944093606;;;
720;10403400;897776;7.944093606;;;
721;10403408;897768;7.944022817;;;
722;10403400;897776;7.944093606;;;
723;10403400;897776;7.944093606;;;
724;10403392;897784;7.944164395;;;
725;10403588;897588;7.942430062;;;
726;10403904;897272;7.939633893;;;
727;10403896;897280;7.939704682;;;
728;10403888;897288;7.939775471;;;
729;10403888;897288;7.939775471;;;
730;10403888;897288;7.939775471;;;
731;10403896;897280;7.939704682;;;
732;10403896;897280;7.939704682;;;
733;10403896;897280;7.939704682;;;
734;10403896;897280;7.939704682;;;
735;10403920;897256;7.939492315;;;
736;10403904;897272;7.939633893;;;
737;10403904;897272;7.939633893;;;
738;10403904;897272;7.939633893;;;
739;10403904;897272;7.939633893;;;
740;10403904;897272;7.939633893;;;
741;10403904;897272;7.939633893;;;
742;10403904;897272;7.939633893;;;
743;10403904;897272;7.939633893;;;
744;10403904;897272;7.939633893;;;
745;10403904;897272;7.939633893;;;
746;10403904;897272;7.939633893;;;
747;10403904;897272;7.939633893;;;
748;10403904;897272;7.939633893;;;
749;10403904;897272;7.939633893;;;
750;10403904;897272;7.939633893;;;
751;10403904;897272;7.939633893;;;
752;10403780;897396;7.940731124;;;
753;10403780;897396;7.940731124;;;
754;10403780;897396;7.940731124;;;
755;10403780;897396;7.940731124;;;
756;10403780;897396;7.940731124;;;
757;10403780;897396;7.940731124;;;
758;10403780;897396;7.940731124;;;
759;10403780;897396;7.940731124;;;
760;10403780;897396;7.940731124;;;
761;10403780;897396;7.940731124;;;
762;10403780;897396;7.940731124;;;
763;10403780;897396;7.940731124;;;
764;10403780;897396;7.940731124;;;
765;10403780;897396;7.940731124;;;
766;10403780;897396;7.940731124;;;
767;10403780;897396;7.940731124;;;
768;10403780;897396;7.940731124;;;
769;10403780;897396;7.940731124;;;
770;10403780;897396;7.940731124;;;
771;10403780;897396;7.940731124;;;
772;10403780;897396;7.940731124;;;
773;10403780;897396;7.940731124;;;
774;10403780;897396;7.940731124;;;
775;10403780;897396;7.940731124;;;
776;10403780;897396;7.940731124;;;
777;10403780;897396;7.940731124;;;
778;10403780;897396;7.940731124;;;
779;10403780;897396;7.940731124;;;
780;10403780;897396;7.940731124;;;
781;10403780;897396;7.940731124;;;
782;10403764;897412;7.940872702;;;
783;10403764;897412;7.940872702;;;
784;10403764;897412;7.940872702;;;
785;10403764;897412;7.940872702;;;
786;10403780;897396;7.940731124;;;
787;10403780;897396;7.940731124;;;
788;10403780;897396;7.940731124;;;
789;10404168;897008;7.937297853;;;
790;10404168;897008;7.937297853;;;
791;10403796;897380;7.940589546;;;
792;10403780;897396;7.940731124;;;
793;10403780;897396;7.940731124;;;
794;10403780;897396;7.940731124;;;
795;10403780;897396;7.940731124;;;
796;10403780;897396;7.940731124;;;
797;10403656;897520;7.941828355;;;
798;10403780;897396;7.940731124;;;
799;10403780;897396;7.940731124;;;
800;10403780;897396;7.940731124;;;
801;10403780;897396;7.940731124;;;
802;10403780;897396;7.940731124;;;
803;10403780;897396;7.940731124;;;
804;10403780;897396;7.940731124;;;
805;10403780;897396;7.940731124;;;
806;10403780;897396;7.940731124;;;
807;10403780;897396;7.940731124;;;
808;10403780;897396;7.940731124;;;
809;10403780;897396;7.940731124;;;
810;10403780;897396;7.940731124;;;
811;10403780;897396;7.940731124;;;
812;10403780;897396;7.940731124;;;
813;10403780;897396;7.940731124;;;
814;10403780;897396;7.940731124;;;
815;10403780;897396;7.940731124;;;
816;10403780;897396;7.940731124;;;
817;10403780;897396;7.940731124;;;
818;10403780;897396;7.940731124;;;
819;10403780;897396;7.940731124;;;
820;10403780;897396;7.940731124;;;
821;10403780;897396;7.940731124;;;
822;10403780;897396;7.940731124;;;
823;10403780;897396;7.940731124;;;
824;10403780;897396;7.940731124;;;
825;10403780;897396;7.940731124;;;
826;10403780;897396;7.940731124;;;
827;10403788;897388;7.940660335;;;
828;10403788;897388;7.940660335;;;
829;10403788;897388;7.940660335;;;
830;10403788;897388;7.940660335;;;
831;10403788;897388;7.940660335;;;
832;10403788;897388;7.940660335;;;
833;10403788;897388;7.940660335;;;
834;10403788;897388;7.940660335;;;
835;10403788;897388;7.940660335;;;
836;10403788;897388;7.940660335;;;
837;10403788;897388;7.940660335;;;
838;10403788;897388;7.940660335;;;
839;10403788;897388;7.940660335;;;
840;10403788;897388;7.940660335;;;
841;10403788;897388;7.940660335;;;
842;10403788;897388;7.940660335;;;
843;10403788;897388;7.940660335;;;
844;10403788;897388;7.940660335;;;
845;10403788;897388;7.940660335;;;
846;10403788;897388;7.940660335;;;
847;10403788;897388;7.940660335;;;
848;10403788;897388;7.940660335;;;
849;10403788;897388;7.940660335;;;
850;10403788;897388;7.940660335;;;
851;10403788;897388;7.940660335;;;
852;10403788;897388;7.940660335;;;
853;10403788;897388;7.940660335;;;
854;10403788;897388;7.940660335;;;
855;10403788;897388;7.940660335;;;
856;10403664;897512;7.941757566;;;
857;10403664;897512;7.941757566;;;
858;10403664;897512;7.941757566;;;
859;10403664;897512;7.941757566;;;
860;10403664;897512;7.941757566;;;
861;10403664;897512;7.941757566;;;
862;10403664;897512;7.941757566;;;
863;10403664;897512;7.941757566;;;
864;10403664;897512;7.941757566;;;
865;10403664;897512;7.941757566;;;
866;10403664;897512;7.941757566;;;
867;10403664;897512;7.941757566;;;
868;10403680;897496;7.941615988;;;
869;10403680;897496;7.941615988;;;
870;10403664;897512;7.941757566;;;
871;10403656;897520;7.941828355;;;
872;10403656;897520;7.941828355;;;
873;10403656;897520;7.941828355;;;
874;10403656;897520;7.941828355;;;
875;10403656;897520;7.941828355;;;
876;10403656;897520;7.941828355;;;
877;10403656;897520;7.941828355;;;
878;10403656;897520;7.941828355;;;
879;10403656;897520;7.941828355;;;
880;10403656;897520;7.941828355;;;
881;10403656;897520;7.941828355;;;
882;10403656;897520;7.941828355;;;
883;10403656;897520;7.941828355;;;
884;10403656;897520;7.941828355;;;
885;10403656;897520;7.941828355;;;
886;10403656;897520;7.941828355;;;
887;10403656;897520;7.941828355;;;
888;10403656;897520;7.941828355;;;
889;10403656;897520;7.941828355;;;
890;10403656;897520;7.941828355;;;
891;10403656;897520;7.941828355;;;
892;10403656;897520;7.941828355;;;
893;10403656;897520;7.941828355;;;
894;10403656;897520;7.941828355;;;
895;10403656;897520;7.941828355;;;
896;10403656;897520;7.941828355;;;
897;10403656;897520;7.941828355;;;
898;10403648;897528;7.941899144;;;
899;10403648;897528;7.941899144;;;
900;10403648;897528;7.941899144;;;
901;10403648;897528;7.941899144;;;
902;10403648;897528;7.941899144;;;
903;10403648;897528;7.941899144;;;
904;10403648;897528;7.941899144;;;
905;10403656;897520;7.941828355;;;
906;10403656;897520;7.941828355;;;
907;10403628;897548;7.942076117;;;
908;10403796;897380;7.940589546;;;
909;10403540;897636;7.942854797;;;
910;10403408;897768;7.944022817;;;
911;10403408;897768;7.944022817;;;
912;10403408;897768;7.944022817;;;
913;10403408;897768;7.944022817;;;
914;10403408;897768;7.944022817;;;
915;10403408;897768;7.944022817;;;
916;10403400;897776;7.944093606;;;
917;10403400;897776;7.944093606;;;
918;10403400;897776;7.944093606;;;
919;10403400;897776;7.944093606;;;
920;10403400;897776;7.944093606;;;
921;10403400;897776;7.944093606;;;
922;10403400;897776;7.944093606;;;
923;10403400;897776;7.944093606;;;
924;10403400;897776;7.944093606;;;
925;10403400;897776;7.944093606;;;
926;10403400;897776;7.944093606;;;
927;10403400;897776;7.944093606;;;
928;10403408;897768;7.944022817;;;
929;10403408;897768;7.944022817;;;
930;10403408;897768;7.944022817;;;
931;10403408;897768;7.944022817;;;
932;10403408;897768;7.944022817;;;
933;10403408;897768;7.944022817;;;
934;10403284;897892;7.945120048;;;
935;10403284;897892;7.945120048;;;
936;10403284;897892;7.945120048;;;
937;10403284;897892;7.945120048;;;
938;10403400;897776;7.944093606;;;
939;10403400;897776;7.944093606;;;
940;10403400;897776;7.944093606;;;
941;10403400;897776;7.944093606;;;
942;10403400;897776;7.944093606;;;
943;10403400;897776;7.944093606;;;
944;10403400;897776;7.944093606;;;
945;10403400;897776;7.944093606;;;
946;10403400;897776;7.944093606;;;
947;10403400;897776;7.944093606;;;
948;10403400;897776;7.944093606;;;
949;10403400;897776;7.944093606;;;
950;10403400;897776;7.944093606;;;
951;10403400;897776;7.944093606;;;
952;10403400;897776;7.944093606;;;
953;10403400;897776;7.944093606;;;
954;10403400;897776;7.944093606;;;
955;10403400;897776;7.944093606;;;
956;10403400;897776;7.944093606;;;
957;10403408;897768;7.944022817;;;
958;10403408;897768;7.944022817;;;
959;10403408;897768;7.944022817;;;
960;10403408;897768;7.944022817;;;
961;10403276;897900;7.945190837;;;
962;10403276;897900;7.945190837;;;
963;10403716;897460;7.941297437;;;
964;10403788;897388;7.940660335;;;
965;10403648;897528;7.941899144;;;
966;10403648;897528;7.941899144;;;
967;10403648;897528;7.941899144;;;
968;10403648;897528;7.941899144;;;
969;10403648;897528;7.941899144;;;
970;10403648;897528;7.941899144;;;
971;10403648;897528;7.941899144;;;
972;10403656;897520;7.941828355;;;
973;10403656;897520;7.941828355;;;
974;10403656;897520;7.941828355;;;
975;10403656;897520;7.941828355;;;
976;10403656;897520;7.941828355;;;
977;10403656;897520;7.941828355;;;
978;10403656;897520;7.941828355;;;
979;10403656;897520;7.941828355;;;
980;10403656;897520;7.941828355;;;
981;10403656;897520;7.941828355;;;
982;10403656;897520;7.941828355;;;
983;10403656;897520;7.941828355;;;
984;10403656;897520;7.941828355;;;
985;10403656;897520;7.941828355;;;
986;10403656;897520;7.941828355;;;
987;10403656;897520;7.941828355;;;
988;10403656;897520;7.941828355;;;
989;10403656;897520;7.941828355;;;
990;10403656;897520;7.941828355;;;
991;10403656;897520;7.941828355;;;
992;10403656;897520;7.941828355;;;
993;10403656;897520;7.941828355;;;
994;10403656;897520;7.941828355;;;
995;10403656;897520;7.941828355;;;
996;10403656;897520;7.941828355;;;
997;10403656;897520;7.941828355;;;
998;10403648;897528;7.941899144;;;
999;10403648;897528;7.941899144;;;
1000;10403648;897528;7.941899144;;;
1001;10403648;897528;7.941899144;;;
1002;10403648;897528;7.941899144;;;
1003;10403648;897528;7.941899144;;;
1004;10403748;897428;7.94101428;;;
1005;10403772;897404;7.940801913;;;
1006;10403772;897404;7.940801913;;;
1007;10403772;897404;7.940801913;;;
1008;10403772;897404;7.940801913;;;
1009;10403772;897404;7.940801913;;;
1010;10403772;897404;7.940801913;;;
1011;10403772;897404;7.940801913;;;
1012;10403772;897404;7.940801913;;;
1013;10403772;897404;7.940801913;;;
1014;10404092;897084;7.937970349;;;
1015;10404416;896760;7.935103391;;;
1016;10403996;897180;7.938819818;;;
1017;10403996;897180;7.938819818;;;
1018;10403996;897180;7.938819818;;;
1019;10404052;897124;7.938324295;;;
1020;10404052;897124;7.938324295;;;
1021;10404052;897124;7.938324295;;;
1022;10404052;897124;7.938324295;;;
1023;10404052;897124;7.938324295;;;
1024;10404052;897124;7.938324295;;;
1025;10403928;897248;7.939421526;;;
1026;10403928;897248;7.939421526;;;
1027;10403928;897248;7.939421526;;;
1028;10403928;897248;7.939421526;;;
1029;10403928;897248;7.939421526;;;
1030;10403928;897248;7.939421526;;;
1031;10403928;897248;7.939421526;;;
1032;10403928;897248;7.939421526;;;
1033;10403928;897248;7.939421526;;;
1034;10403928;897248;7.939421526;;;
1035;10403928;897248;7.939421526;;;
1036;10403928;897248;7.939421526;;;
1037;10403928;897248;7.939421526;;;
1038;10403928;897248;7.939421526;;;
1039;10403928;897248;7.939421526;;;
1040;10403928;897248;7.939421526;;;
1041;10403928;897248;7.939421526;;;
1042;10403928;897248;7.939421526;;;
1043;10403928;897248;7.939421526;;;
1044;10403928;897248;7.939421526;;;
1045;10403928;897248;7.939421526;;;
1046;10403928;897248;7.939421526;;;
1047;10403928;897248;7.939421526;;;
1048;10403928;897248;7.939421526;;;
1049;10403928;897248;7.939421526;;;
1050;10403928;897248;7.939421526;;;
1051;10403928;897248;7.939421526;;;
1052;10403928;897248;7.939421526;;;
1053;10403928;897248;7.939421526;;;
1054;10403928;897248;7.939421526;;;
1055;10403928;897248;7.939421526;;;
1056;10403928;897248;7.939421526;;;
1057;10403928;897248;7.939421526;;;
1058;10403928;897248;7.939421526;;;
1059;10403928;897248;7.939421526;;;
1060;10403928;897248;7.939421526;;;
1061;10403928;897248;7.939421526;;;
1062;10403928;897248;7.939421526;;;
1063;10403928;897248;7.939421526;;;
1064;10403928;897248;7.939421526;;;
1065;10403928;897248;7.939421526;;;
1066;10403928;897248;7.939421526;;;
1067;10403928;897248;7.939421526;;;
1068;10403928;897248;7.939421526;;;
1069;10403928;897248;7.939421526;;;
1070;10403928;897248;7.939421526;;;
1071;10403928;897248;7.939421526;;;
1072;10403928;897248;7.939421526;;;
1073;10403928;897248;7.939421526;;;
1074;10403928;897248;7.939421526;;;
1075;10403928;897248;7.939421526;;;
1076;10403928;897248;7.939421526;;;
1077;10403928;897248;7.939421526;;;
1078;10403928;897248;7.939421526;;;
1079;10403928;897248;7.939421526;;;
1080;10403928;897248;7.939421526;;;
1081;10403928;897248;7.939421526;;;
1082;10403928;897248;7.939421526;;;
1083;10403928;897248;7.939421526;;;
1084;10403928;897248;7.939421526;;;
1085;10403928;897248;7.939421526;;;
1086;10403928;897248;7.939421526;;;
1087;10403928;897248;7.939421526;;;
1088;10403928;897248;7.939421526;;;
1089;10403928;897248;7.939421526;;;
1090;10403928;897248;7.939421526;;;
1091;10403928;897248;7.939421526;;;
1092;10403928;897248;7.939421526;;;
1093;10403928;897248;7.939421526;;;
1094;10403928;897248;7.939421526;;;
1095;10403928;897248;7.939421526;;;
1096;10403928;897248;7.939421526;;;
1097;10403928;897248;7.939421526;;;
1098;10403928;897248;7.939421526;;;
1099;10403928;897248;7.939421526;;;
1100;10403928;897248;7.939421526;;;
1101;10403928;897248;7.939421526;;;
1102;10403928;897248;7.939421526;;;
1103;10403928;897248;7.939421526;;;
1104;10403928;897248;7.939421526;;;
1105;10403928;897248;7.939421526;;;
1106;10403928;897248;7.939421526;;;
1107;10403928;897248;7.939421526;;;
1108;10403928;897248;7.939421526;;;
1109;10403928;897248;7.939421526;;;
1110;10403928;897248;7.939421526;;;
1111;10403928;897248;7.939421526;;;
1112;10403928;897248;7.939421526;;;
1113;10403928;897248;7.939421526;;;
1114;10403928;897248;7.939421526;;;
1115;10403928;897248;7.939421526;;;
1116;10403928;897248;7.939421526;;;
1117;10403928;897248;7.939421526;;;
1118;10403928;897248;7.939421526;;;
1119;10403928;897248;7.939421526;;;
1120;10403804;897372;7.940518757;;;
1121;10403804;897372;7.940518757;;;
1122;10403804;897372;7.940518757;;;
1123;10403812;897364;7.940447968;;;
1124;10403812;897364;7.940447968;;;
1125;10403812;897364;7.940447968;;;
1126;10403812;897364;7.940447968;;;
1127;10403812;897364;7.940447968;;;
1128;10403812;897364;7.940447968;;;
1129;10403812;897364;7.940447968;;;
1130;10403812;897364;7.940447968;;;
1131;10403812;897364;7.940447968;;;
1132;10403812;897364;7.940447968;;;
1133;10403812;897364;7.940447968;;;
1134;10403812;897364;7.940447968;;;
1135;10403812;897364;7.940447968;;;
1136;10403812;897364;7.940447968;;;
1137;10403812;897364;7.940447968;;;
1138;10403812;897364;7.940447968;;;
1139;10403812;897364;7.940447968;;;
1140;10403812;897364;7.940447968;;;
1141;10403812;897364;7.940447968;;;
1142;10403812;897364;7.940447968;;;
1143;10403812;897364;7.940447968;;;
1144;10403812;897364;7.940447968;;;
1145;10403812;897364;7.940447968;;;
1146;10403812;897364;7.940447968;;;
1147;10403812;897364;7.940447968;;;
1148;10403812;897364;7.940447968;;;
1149;10403812;897364;7.940447968;;;
1150;10403812;897364;7.940447968;;;
1151;10403812;897364;7.940447968;;;
1152;10403812;897364;7.940447968;;;
1153;10403812;897364;7.940447968;;;
1154;10403812;897364;7.940447968;;;
1155;10403812;897364;7.940447968;;;
1156;10403812;897364;7.940447968;;;
1157;10403812;897364;7.940447968;;;
1158;10403812;897364;7.940447968;;;
1159;10403812;897364;7.940447968;;;
1160;10403812;897364;7.940447968;;;
1161;10403812;897364;7.940447968;;;
1162;10403812;897364;7.940447968;;;
1163;10403812;897364;7.940447968;;;
1164;10403812;897364;7.940447968;;;
1165;10403812;897364;7.940447968;;;
1166;10403812;897364;7.940447968;;;
1167;10403812;897364;7.940447968;;;
1168;10403812;897364;7.940447968;;;
1169;10403812;897364;7.940447968;;;
1170;10403812;897364;7.940447968;;;
1171;10403812;897364;7.940447968;;;
1172;10403812;897364;7.940447968;;;
1173;10403804;897372;7.940518757;;;
1174;10403804;897372;7.940518757;;;
1175;10403804;897372;7.940518757;;;
1176;10403804;897372;7.940518757;;;
1177;10403804;897372;7.940518757;;;
1178;10403804;897372;7.940518757;;;
1179;10403804;897372;7.940518757;;;
1180;10403804;897372;7.940518757;;;
1181;10403804;897372;7.940518757;;;
1182;10403804;897372;7.940518757;;;
1183;10403804;897372;7.940518757;;;
1184;10403804;897372;7.940518757;;;
1185;10403804;897372;7.940518757;;;
1186;10403804;897372;7.940518757;;;
1187;10403812;897364;7.940447968;;;
1188;10403812;897364;7.940447968;;;
1189;10403812;897364;7.940447968;;;
1190;10403812;897364;7.940447968;;;
1191;10403812;897364;7.940447968;;;
1192;10403812;897364;7.940447968;;;
1193;10403812;897364;7.940447968;;;
1194;10403812;897364;7.940447968;;;
1195;10403812;897364;7.940447968;;;
1196;10403812;897364;7.940447968;;;
1197;10403812;897364;7.940447968;;;
1198;10403812;897364;7.940447968;;;
1199;10403812;897364;7.940447968;;;
1200;10403812;897364;7.940447968;;;
1201;10403812;897364;7.940447968;;;
1202;10403812;897364;7.940447968;;;
1203;10403812;897364;7.940447968;;;
1204;10403812;897364;7.940447968;;;
1205;10403812;897364;7.940447968;;;
1206;10403812;897364;7.940447968;;;
1207;10403812;897364;7.940447968;;;
1208;10403812;897364;7.940447968;;;
1209;10403812;897364;7.940447968;;;
1210;10403688;897488;7.941545198;;;
1211;10403688;897488;7.941545198;;;
1212;10403688;897488;7.941545198;;;
1213;10403688;897488;7.941545198;;;
1214;10403688;897488;7.941545198;;;
1215;10403688;897488;7.941545198;;;
1216;10403688;897488;7.941545198;;;
1217;10403688;897488;7.941545198;;;
1218;10403688;897488;7.941545198;;;
1219;10403688;897488;7.941545198;;;
1220;10403688;897488;7.941545198;;;
1221;10403688;897488;7.941545198;;;
1222;10403688;897488;7.941545198;;;
1223;10403688;897488;7.941545198;;;
1224;10403688;897488;7.941545198;;;
1225;10403688;897488;7.941545198;;;
1226;10403688;897488;7.941545198;;;
1227;10403688;897488;7.941545198;;;
1228;10403688;897488;7.941545198;;;
1229;10403688;897488;7.941545198;;;
1230;10403688;897488;7.941545198;;;
1231;10403688;897488;7.941545198;;;
1232;10403688;897488;7.941545198;;;
1233;10403688;897488;7.941545198;;;
1234;10403688;897488;7.941545198;;;
1235;10403688;897488;7.941545198;;;
1236;10403688;897488;7.941545198;;;
1237;10403688;897488;7.941545198;;;
1238;10403688;897488;7.941545198;;;
1239;10403688;897488;7.941545198;;;
1240;10403688;897488;7.941545198;;;
1241;10403688;897488;7.941545198;;;
1242;10403688;897488;7.941545198;;;
1243;10403688;897488;7.941545198;;;
1244;10403688;897488;7.941545198;;;
1245;10403688;897488;7.941545198;;;
1246;10403688;897488;7.941545198;;;
1247;10403688;897488;7.941545198;;;
1248;10403688;897488;7.941545198;;;
1249;10403688;897488;7.941545198;;;
1250;10403688;897488;7.941545198;;;
1251;10403688;897488;7.941545198;;;
1252;10403688;897488;7.941545198;;;
1253;10403688;897488;7.941545198;;;
1254;10403688;897488;7.941545198;;;
1255;10403688;897488;7.941545198;;;
1256;10403688;897488;7.941545198;;;
1257;10403688;897488;7.941545198;;;
1258;10403688;897488;7.941545198;;;
1259;10403688;897488;7.941545198;;;
1260;10403688;897488;7.941545198;;;
1261;10403688;897488;7.941545198;;;
1262;10403688;897488;7.941545198;;;
1263;10403688;897488;7.941545198;;;
1264;10403688;897488;7.941545198;;;
1265;10403688;897488;7.941545198;;;
1266;10403688;897488;7.941545198;;;
1267;10403688;897488;7.941545198;;;
1268;10403688;897488;7.941545198;;;
1269;10403688;897488;7.941545198;;;
1270;10403688;897488;7.941545198;;;
1271;10403688;897488;7.941545198;;;
1272;10403688;897488;7.941545198;;;
1273;10403688;897488;7.941545198;;;
1274;10403688;897488;7.941545198;;;
1275;10403688;897488;7.941545198;;;
1276;10403688;897488;7.941545198;;;
1277;10403688;897488;7.941545198;;;
1278;10403688;897488;7.941545198;;;
1279;10403688;897488;7.941545198;;;
1280;10403688;897488;7.941545198;;;
1281;10403688;897488;7.941545198;;;
1282;10403688;897488;7.941545198;;;
1283;10403688;897488;7.941545198;;;
1284;10403688;897488;7.941545198;;;
1285;10403688;897488;7.941545198;;;
1286;10403688;897488;7.941545198;;;
1287;10403688;897488;7.941545198;;;
1288;10403688;897488;7.941545198;;;
1289;10403688;897488;7.941545198;;;
1290;10403688;897488;7.941545198;;;
1291;10403688;897488;7.941545198;;;
1292;10403688;897488;7.941545198;;;
1293;10403688;897488;7.941545198;;;
1294;10403688;897488;7.941545198;;;
1295;10403688;897488;7.941545198;;;
1296;10403688;897488;7.941545198;;;
1297;10403688;897488;7.941545198;;;
1298;10403688;897488;7.941545198;;;
1299;10403688;897488;7.941545198;;;
1300;10403688;897488;7.941545198;;;
1301;10403688;897488;7.941545198;;;
1302;10403688;897488;7.941545198;;;
1303;10403688;897488;7.941545198;;;
1304;10403688;897488;7.941545198;;;
1305;10403688;897488;7.941545198;;;
1306;10403564;897612;7.942642429;;;
1307;10403564;897612;7.942642429;;;
1308;10403564;897612;7.942642429;;;
1309;10403564;897612;7.942642429;;;
1310;10403564;897612;7.942642429;;;
1311;10403564;897612;7.942642429;;;
1312;10403564;897612;7.942642429;;;
1313;10403564;897612;7.942642429;;;
1314;10403564;897612;7.942642429;;;
1315;10403564;897612;7.942642429;;;
1316;10403564;897612;7.942642429;;;
1317;10403564;897612;7.942642429;;;
1318;10403564;897612;7.942642429;;;
1319;10403572;897604;7.94257164;;;
1320;10403572;897604;7.94257164;;;
1321;10403572;897604;7.94257164;;;
1322;10403572;897604;7.94257164;;;
1323;10403572;897604;7.94257164;;;
1324;10403572;897604;7.94257164;;;
1325;10403572;897604;7.94257164;;;
1326;10403572;897604;7.94257164;;;
1327;10403572;897604;7.94257164;;;
1328;10403572;897604;7.94257164;;;
1329;10403572;897604;7.94257164;;;
1330;10403572;897604;7.94257164;;;
1331;10403572;897604;7.94257164;;;
1332;10403572;897604;7.94257164;;;
1333;10403572;897604;7.94257164;;;
1334;10403572;897604;7.94257164;;;
1335;10403572;897604;7.94257164;;;
1336;10403572;897604;7.94257164;;;
1337;10403572;897604;7.94257164;;;
1338;10403572;897604;7.94257164;;;
1339;10403572;897604;7.94257164;;;
1340;10403572;897604;7.94257164;;;
1341;10403572;897604;7.94257164;;;
1342;10403572;897604;7.94257164;;;
1343;10403572;897604;7.94257164;;;
1344;10403572;897604;7.94257164;;;
1345;10403572;897604;7.94257164;;;
1346;10403572;897604;7.94257164;;;
1347;10403572;897604;7.94257164;;;
1348;10403572;897604;7.94257164;;;
1349;10403572;897604;7.94257164;;;
1350;10403572;897604;7.94257164;;;
1351;10403572;897604;7.94257164;;;
1352;10403572;897604;7.94257164;;;
1353;10403572;897604;7.94257164;;;
1354;10403572;897604;7.94257164;;;
1355;10403572;897604;7.94257164;;;
1356;10403572;897604;7.94257164;;;
1357;10403572;897604;7.94257164;;;
1358;10403572;897604;7.94257164;;;
1359;10403572;897604;7.94257164;;;
1360;10403572;897604;7.94257164;;;
1361;10403572;897604;7.94257164;;;
1362;10403572;897604;7.94257164;;;
1363;10403572;897604;7.94257164;;;
1364;10403572;897604;7.94257164;;;
1365;10403572;897604;7.94257164;;;
1366;10403572;897604;7.94257164;;;
1367;10403572;897604;7.94257164;;;
1368;10403572;897604;7.94257164;;;
1369;10403572;897604;7.94257164;;;
1370;10403572;897604;7.94257164;;;
1371;10403572;897604;7.94257164;;;
1372;10403572;897604;7.94257164;;;
1373;10403572;897604;7.94257164;;;
1374;10403572;897604;7.94257164;;;
1375;10403572;897604;7.94257164;;;
1376;10403572;897604;7.94257164;;;
1377;10403572;897604;7.94257164;;;
1378;10403572;897604;7.94257164;;;
1379;10403572;897604;7.94257164;;;
1380;10403572;897604;7.94257164;;;
1381;10403572;897604;7.94257164;;;
1382;10403572;897604;7.94257164;;;
1383;10403572;897604;7.94257164;;;
1384;10403572;897604;7.94257164;;;
1385;10403572;897604;7.94257164;;;
1386;10403572;897604;7.94257164;;;
1387;10403572;897604;7.94257164;;;
1388;10403572;897604;7.94257164;;;
1389;10403572;897604;7.94257164;;;
1390;10403572;897604;7.94257164;;;
1391;10403572;897604;7.94257164;;;
1392;10403572;897604;7.94257164;;;
1393;10403572;897604;7.94257164;;;
1394;10403572;897604;7.94257164;;;
1395;10403448;897728;7.943668871;;;
1396;10403448;897728;7.943668871;;;
1397;10403448;897728;7.943668871;;;
1398;10403448;897728;7.943668871;;;
1399;10403448;897728;7.943668871;;;
1400;10403448;897728;7.943668871;;;
1401;10403448;897728;7.943668871;;;
1402;10403448;897728;7.943668871;;;
1403;10403448;897728;7.943668871;;;
1404;10403448;897728;7.943668871;;;
1405;10403448;897728;7.943668871;;;
1406;10403448;897728;7.943668871;;;
1407;10403448;897728;7.943668871;;;
1408;10403448;897728;7.943668871;;;
1409;10403448;897728;7.943668871;;;
1410;10403448;897728;7.943668871;;;
1411;10403448;897728;7.943668871;;;
1412;10403448;897728;7.943668871;;;
1413;10403448;897728;7.943668871;;;
1414;10403448;897728;7.943668871;;;
1415;10403448;897728;7.943668871;;;
1416;10403448;897728;7.943668871;;;
1417;10403448;897728;7.943668871;;;
1418;10403448;897728;7.943668871;;;
1419;10403448;897728;7.943668871;;;
1420;10403448;897728;7.943668871;;;
1421;10403448;897728;7.943668871;;;
1422;10403448;897728;7.943668871;;;
1423;10403448;897728;7.943668871;;;
1424;10403448;897728;7.943668871;;;
1425;10403448;897728;7.943668871;;;
1426;10403448;897728;7.943668871;;;
1427;10403448;897728;7.943668871;;;
1428;10403448;897728;7.943668871;;;
1429;10403448;897728;7.943668871;;;
1430;10403448;897728;7.943668871;;;
1431;10403448;897728;7.943668871;;;
1432;10403448;897728;7.943668871;;;
1433;10403448;897728;7.943668871;;;
1434;10403448;897728;7.943668871;;;
1435;10403448;897728;7.943668871;;;
1436;10403448;897728;7.943668871;;;
1437;10403448;897728;7.943668871;;;
1438;10403448;897728;7.943668871;;;
1439;10403448;897728;7.943668871;;;
1440;10403448;897728;7.943668871;;;
1441;10403448;897728;7.943668871;;;
1442;10403448;897728;7.943668871;;;
1443;10403448;897728;7.943668871;;;
1444;10403448;897728;7.943668871;;;
1445;10403448;897728;7.943668871;;;
1446;10403448;897728;7.943668871;;;
1447;10403448;897728;7.943668871;;;
1448;10403448;897728;7.943668871;;;
1449;10403448;897728;7.943668871;;;
1450;10403448;897728;7.943668871;;;
1451;10403448;897728;7.943668871;;;
1452;10403448;897728;7.943668871;;;
1453;10403448;897728;7.943668871;;;
1454;10403448;897728;7.943668871;;;
1455;10403448;897728;7.943668871;;;
1456;10403448;897728;7.943668871;;;
1457;10403448;897728;7.943668871;;;
1458;10403448;897728;7.943668871;;;
1459;10403448;897728;7.943668871;;;
1460;10403448;897728;7.943668871;;;
1461;10403448;897728;7.943668871;;;
1462;10403448;897728;7.943668871;;;
1463;10403448;897728;7.943668871;;;
1464;10403448;897728;7.943668871;;;
1465;10403448;897728;7.943668871;;;
1466;10403448;897728;7.943668871;;;
1467;10403448;897728;7.943668871;;;
1468;10403448;897728;7.943668871;;;
1469;10403448;897728;7.943668871;;;
1470;10403448;897728;7.943668871;;;
1471;10403448;897728;7.943668871;;;
1472;10403448;897728;7.943668871;;;
1473;10403448;897728;7.943668871;;;
1474;10403448;897728;7.943668871;;;
1475;10403448;897728;7.943668871;;;
1476;10403448;897728;7.943668871;;;
1477;10403448;897728;7.943668871;;;
1478;10403448;897728;7.943668871;;;
1479;10403448;897728;7.943668871;;;
1480;10403448;897728;7.943668871;;;
1481;10403448;897728;7.943668871;;;
1482;10403448;897728;7.943668871;;;
1483;10403448;897728;7.943668871;;;
1484;10403448;897728;7.943668871;;;
1485;10403448;897728;7.943668871;;;
1486;10403448;897728;7.943668871;;;
1487;10403448;897728;7.943668871;;;
1488;10403448;897728;7.943668871;;;
1489;10403448;897728;7.943668871;;;
1490;10403324;897852;7.944766102;;;
1491;10403324;897852;7.944766102;;;
1492;10403324;897852;7.944766102;;;
1493;10403324;897852;7.944766102;;;
1494;10403324;897852;7.944766102;;;
1495;10403324;897852;7.944766102;;;
1496;10403324;897852;7.944766102;;;
1497;10403324;897852;7.944766102;;;
1498;10403324;897852;7.944766102;;;
1499;10403324;897852;7.944766102;;;
1500;10403324;897852;7.944766102;;;
1501;10403324;897852;7.944766102;;;
1502;10403324;897852;7.944766102;;;
1503;10403324;897852;7.944766102;;;
1504;10403324;897852;7.944766102;;;
1505;10403324;897852;7.944766102;;;
1506;10403324;897852;7.944766102;;;
1507;10403324;897852;7.944766102;;;
1508;10403324;897852;7.944766102;;;
1509;10403324;897852;7.944766102;;;
1510;10403324;897852;7.944766102;;;
1511;10403324;897852;7.944766102;;;
1512;10403324;897852;7.944766102;;;
1513;10403324;897852;7.944766102;;;
1514;10403324;897852;7.944766102;;;
1515;10403324;897852;7.944766102;;;
1516;10403324;897852;7.944766102;;;
1517;10403324;897852;7.944766102;;;
1518;10403324;897852;7.944766102;;;
1519;10403324;897852;7.944766102;;;
1520;10403324;897852;7.944766102;;;
1521;10403324;897852;7.944766102;;;
1522;10403324;897852;7.944766102;;;
1523;10403324;897852;7.944766102;;;
1524;10403324;897852;7.944766102;;;
1525;10403324;897852;7.944766102;;;
1526;10403324;897852;7.944766102;;;
1527;10403324;897852;7.944766102;;;
1528;10403324;897852;7.944766102;;;
1529;10403324;897852;7.944766102;;;
1530;10403324;897852;7.944766102;;;
1531;10403324;897852;7.944766102;;;
1532;10403324;897852;7.944766102;;;
1533;10403324;897852;7.944766102;;;
1534;10403324;897852;7.944766102;;;
1535;10403324;897852;7.944766102;;;
1536;10403324;897852;7.944766102;;;
1537;10403324;897852;7.944766102;;;
1538;10403324;897852;7.944766102;;;
1539;10403324;897852;7.944766102;;;
1540;10403324;897852;7.944766102;;;
1541;10403324;897852;7.944766102;;;
1542;10403324;897852;7.944766102;;;
1543;10403324;897852;7.944766102;;;
1544;10403324;897852;7.944766102;;;
1545;10403324;897852;7.944766102;;;
1546;10403324;897852;7.944766102;;;
1547;10403324;897852;7.944766102;;;
1548;10403324;897852;7.944766102;;;
1549;10403324;897852;7.944766102;;;
1550;10403324;897852;7.944766102;;;
1551;10403324;897852;7.944766102;;;
1552;10403324;897852;7.944766102;;;
1553;10403324;897852;7.944766102;;;
1554;10403324;897852;7.944766102;;;
1555;10403324;897852;7.944766102;;;
1556;10403324;897852;7.944766102;;;
1557;10403324;897852;7.944766102;;;
1558;10403324;897852;7.944766102;;;
1559;10403324;897852;7.944766102;;;
1560;10403324;897852;7.944766102;;;
1561;10403324;897852;7.944766102;;;
1562;10403324;897852;7.944766102;;;
1563;10403324;897852;7.944766102;;;
1564;10403324;897852;7.944766102;;;
1565;10403324;897852;7.944766102;;;
1566;10403324;897852;7.944766102;;;
1567;10403324;897852;7.944766102;;;
1568;10403324;897852;7.944766102;;;
1569;10403324;897852;7.944766102;;;
1570;10403324;897852;7.944766102;;;
1571;10403324;897852;7.944766102;;;
1572;10403324;897852;7.944766102;;;
1573;10403308;897868;7.94490768;;;
1574;10403316;897860;7.944836891;;;
1575;10403324;897852;7.944766102;;;
1576;10403324;897852;7.944766102;;;
1577;10403324;897852;7.944766102;;;
1578;10403324;897852;7.944766102;;;
1579;10403200;897976;7.945863333;;;
1580;10403200;897976;7.945863333;;;
1581;10403200;897976;7.945863333;;;
1582;10403200;897976;7.945863333;;;
1583;10403200;897976;7.945863333;;;
1584;10403200;897976;7.945863333;;;
1585;10403200;897976;7.945863333;;;
1586;10403200;897976;7.945863333;;;
1587;10403200;897976;7.945863333;;;
1588;10403200;897976;7.945863333;;;
1589;10403200;897976;7.945863333;;;
1590;10403200;897976;7.945863333;;;
1591;10403200;897976;7.945863333;;;
1592;10403200;897976;7.945863333;;;
1593;10403200;897976;7.945863333;;;
1594;10403200;897976;7.945863333;;;
1595;10403200;897976;7.945863333;;;
1596;10403200;897976;7.945863333;;;
1597;10403200;897976;7.945863333;;;
1598;10403200;897976;7.945863333;;;
1599;10403200;897976;7.945863333;;;
1600;10403200;897976;7.945863333;;;
1601;10403200;897976;7.945863333;;;
1602;10403200;897976;7.945863333;;;
1603;10403200;897976;7.945863333;;;
1604;10403200;897976;7.945863333;;;
1605;10403200;897976;7.945863333;;;
1606;10403200;897976;7.945863333;;;
1607;10403200;897976;7.945863333;;;
1608;10403200;897976;7.945863333;;;
1609;10403200;897976;7.945863333;;;
1610;10403200;897976;7.945863333;;;
1611;10403200;897976;7.945863333;;;
1612;10403200;897976;7.945863333;;;
1613;10403200;897976;7.945863333;;;
1614;10403200;897976;7.945863333;;;
1615;10403200;897976;7.945863333;;;
1616;10403200;897976;7.945863333;;;
1617;10403200;897976;7.945863333;;;
1618;10403200;897976;7.945863333;;;
1619;10403200;897976;7.945863333;;;
1620;10403200;897976;7.945863333;;;
1621;10403200;897976;7.945863333;;;
1622;10403200;897976;7.945863333;;;
1623;10403200;897976;7.945863333;;;
1624;10403200;897976;7.945863333;;;
1625;10403200;897976;7.945863333;;;
1626;10403200;897976;7.945863333;;;
1627;10403200;897976;7.945863333;;;
1628;10403200;897976;7.945863333;;;
1629;10403192;897984;7.945934122;;;
1630;10403192;897984;7.945934122;;;
1631;10403192;897984;7.945934122;;;
1632;10403192;897984;7.945934122;;;
1633;10403192;897984;7.945934122;;;
1634;10403192;897984;7.945934122;;;
1635;10403192;897984;7.945934122;;;
1636;10403192;897984;7.945934122;;;
1637;10403192;897984;7.945934122;;;
1638;10403192;897984;7.945934122;;;
1639;10403192;897984;7.945934122;;;
1640;10403192;897984;7.945934122;;;
1641;10403192;897984;7.945934122;;;
1642;10403192;897984;7.945934122;;;
1643;10403192;897984;7.945934122;;;
1644;10403192;897984;7.945934122;;;
1645;10403192;897984;7.945934122;;;
1646;10403192;897984;7.945934122;;;
1647;10403192;897984;7.945934122;;;
1648;10403192;897984;7.945934122;;;
1649;10403192;897984;7.945934122;;;
1650;10403192;897984;7.945934122;;;
1651;10403192;897984;7.945934122;;;
1652;10403192;897984;7.945934122;;;
1653;10403192;897984;7.945934122;;;
1654;10403192;897984;7.945934122;;;
1655;10403192;897984;7.945934122;;;
1656;10403192;897984;7.945934122;;;
1657;10403192;897984;7.945934122;;;
1658;10403192;897984;7.945934122;;;
1659;10403192;897984;7.945934122;;;
1660;10403192;897984;7.945934122;;;
1661;10403192;897984;7.945934122;;;
1662;10403192;897984;7.945934122;;;
1663;10403192;897984;7.945934122;;;
1664;10403192;897984;7.945934122;;;
1665;10403192;897984;7.945934122;;;
1666;10403192;897984;7.945934122;;;
1667;10403192;897984;7.945934122;;;
1668;10403192;897984;7.945934122;;;
1669;10403192;897984;7.945934122;;;
1670;10403192;897984;7.945934122;;;
1671;10403192;897984;7.945934122;;;
1672;10403192;897984;7.945934122;;;
1673;10403192;897984;7.945934122;;;
1674;10403192;897984;7.945934122;;;
1675;10403068;898108;7.947031353;;;
1676;10403068;898108;7.947031353;;;
1677;10403068;898108;7.947031353;;;
1678;10403068;898108;7.947031353;;;
1679;10403068;898108;7.947031353;;;
1680;10403068;898108;7.947031353;;;
1681;10403068;898108;7.947031353;;;
1682;10403068;898108;7.947031353;;;
1683;10403068;898108;7.947031353;;;
1684;10403068;898108;7.947031353;;;
1685;10403068;898108;7.947031353;;;
1686;10403068;898108;7.947031353;;;
1687;10403068;898108;7.947031353;;;
1688;10403068;898108;7.947031353;;;
1689;10403068;898108;7.947031353;;;
1690;10403068;898108;7.947031353;;;
1691;10403068;898108;7.947031353;;;
1692;10403068;898108;7.947031353;;;
1693;10403060;898116;7.947102142;;;
1694;10403060;898116;7.947102142;;;
1695;10403068;898108;7.947031353;;;
1696;10403068;898108;7.947031353;;;
1697;10403068;898108;7.947031353;;;
1698;10403068;898108;7.947031353;;;
1699;10403068;898108;7.947031353;;;
1700;10403068;898108;7.947031353;;;
1701;10403068;898108;7.947031353;;;
1702;10403068;898108;7.947031353;;;
1703;10403068;898108;7.947031353;;;
1704;10403068;898108;7.947031353;;;
1705;10403068;898108;7.947031353;;;
1706;10403068;898108;7.947031353;;;
1707;10403068;898108;7.947031353;;;
1708;10403068;898108;7.947031353;;;
1709;10403068;898108;7.947031353;;;
1710;10403068;898108;7.947031353;;;
1711;10403068;898108;7.947031353;;;
1712;10403068;898108;7.947031353;;;
1713;10403068;898108;7.947031353;;;
1714;10403068;898108;7.947031353;;;
1715;10403068;898108;7.947031353;;;
1716;10403068;898108;7.947031353;;;
1717;10403068;898108;7.947031353;;;
1718;10403068;898108;7.947031353;;;
1719;10403068;898108;7.947031353;;;
1720;10403068;898108;7.947031353;;;
1721;10403068;898108;7.947031353;;;
1722;10403068;898108;7.947031353;;;
1723;10403068;898108;7.947031353;;;
1724;10403068;898108;7.947031353;;;
1725;10403068;898108;7.947031353;;;
1726;10403068;898108;7.947031353;;;
1727;10403068;898108;7.947031353;;;
1728;10403068;898108;7.947031353;;;
1729;10403068;898108;7.947031353;;;
1730;10403068;898108;7.947031353;;;
1731;10403068;898108;7.947031353;;;
1732;10403068;898108;7.947031353;;;
1733;10403068;898108;7.947031353;;;
1734;10403068;898108;7.947031353;;;
1735;10403068;898108;7.947031353;;;
1736;10403068;898108;7.947031353;;;
1737;10403068;898108;7.947031353;;;
1738;10403068;898108;7.947031353;;;
1739;10403068;898108;7.947031353;;;
1740;10403068;898108;7.947031353;;;
1741;10403068;898108;7.947031353;;;
1742;10403068;898108;7.947031353;;;
1743;10403068;898108;7.947031353;;;
1744;10403068;898108;7.947031353;;;
1745;10403068;898108;7.947031353;;;
1746;10403068;898108;7.947031353;;;
1747;10403068;898108;7.947031353;;;
1748;10403068;898108;7.947031353;;;
1749;10403068;898108;7.947031353;;;
1750;10403068;898108;7.947031353;;;
1751;10403068;898108;7.947031353;;;
1752;10403068;898108;7.947031353;;;
1753;10403068;898108;7.947031353;;;
1754;10403068;898108;7.947031353;;;
1755;10403068;898108;7.947031353;;;
1756;10403068;898108;7.947031353;;;
1757;10403068;898108;7.947031353;;;
1758;10403068;898108;7.947031353;;;
1759;10403068;898108;7.947031353;;;
1760;10403068;898108;7.947031353;;;
1761;10403068;898108;7.947031353;;;
1762;10403068;898108;7.947031353;;;
1763;10403068;898108;7.947031353;;;
1764;10403068;898108;7.947031353;;;
1765;10402944;898232;7.948128584;;;
1766;10402944;898232;7.948128584;;;
1767;10402944;898232;7.948128584;;;
1768;10402936;898240;7.948199373;;;
1769;10402936;898240;7.948199373;;;
1770;10402936;898240;7.948199373;;;
1771;10402936;898240;7.948199373;;;
1772;10402936;898240;7.948199373;;;
1773;10402936;898240;7.948199373;;;
1774;10402936;898240;7.948199373;;;
1775;10402936;898240;7.948199373;;;
1776;10402936;898240;7.948199373;;;
1777;10402936;898240;7.948199373;;;
1778;10402936;898240;7.948199373;;;
1779;10402936;898240;7.948199373;;;
1780;10402936;898240;7.948199373;;;
1781;10402936;898240;7.948199373;;;
1782;10402936;898240;7.948199373;;;
1783;10402944;898232;7.948128584;;;
1784;10402944;898232;7.948128584;;;
1785;10402944;898232;7.948128584;;;
1786;10402944;898232;7.948128584;;;
1787;10402944;898232;7.948128584;;;
1788;10402944;898232;7.948128584;;;
1789;10402944;898232;7.948128584;;;
1790;10402944;898232;7.948128584;;;
1791;10402944;898232;7.948128584;;;
1792;10402944;898232;7.948128584;;;
1793;10402944;898232;7.948128584;;;
1794;10402944;898232;7.948128584;;;
1795;10402944;898232;7.948128584;;;
1796;10402944;898232;7.948128584;;;
1797;10402944;898232;7.948128584;;;
1798;10402944;898232;7.948128584;;;
1799;10402944;898232;7.948128584;;;
1800;10402944;898232;7.948128584;;;
1801;10402944;898232;7.948128584;;;
1802;10402944;898232;7.948128584;;;
1803;10402944;898232;7.948128584;;;
1804;10402944;898232;7.948128584;;;
1805;10402944;898232;7.948128584;;;
1806;10402944;898232;7.948128584;;;
1807;10402944;898232;7.948128584;;;
1808;10402944;898232;7.948128584;;;
1809;10402944;898232;7.948128584;;;
1810;10402944;898232;7.948128584;;;
1811;10402944;898232;7.948128584;;;
1812;10402944;898232;7.948128584;;;
1813;10402936;898240;7.948199373;;;
1814;10402944;898232;7.948128584;;;
1815;10402944;898232;7.948128584;;;
1816;10402944;898232;7.948128584;;;
1817;10402944;898232;7.948128584;;;
1818;10402944;898232;7.948128584;;;
1819;10402944;898232;7.948128584;;;
1820;10402944;898232;7.948128584;;;
1821;10402944;898232;7.948128584;;;
1822;10402944;898232;7.948128584;;;
1823;10402944;898232;7.948128584;;;
1824;10402944;898232;7.948128584;;;
1825;10402944;898232;7.948128584;;;
1826;10402944;898232;7.948128584;;;
1827;10402944;898232;7.948128584;;;
1828;10402944;898232;7.948128584;;;
1829;10402944;898232;7.948128584;;;
1830;10402944;898232;7.948128584;;;
1831;10402944;898232;7.948128584;;;
1832;10402944;898232;7.948128584;;;
1833;10402944;898232;7.948128584;;;
1834;10402944;898232;7.948128584;;;
1835;10402944;898232;7.948128584;;;
1836;10402944;898232;7.948128584;;;
1837;10402944;898232;7.948128584;;;
1838;10402944;898232;7.948128584;;;
1839;10402944;898232;7.948128584;;;
1840;10402944;898232;7.948128584;;;
1841;10402944;898232;7.948128584;;;
1842;10402944;898232;7.948128584;;;
1843;10402944;898232;7.948128584;;;
1844;10402944;898232;7.948128584;;;
1845;10402944;898232;7.948128584;;;
1846;10402944;898232;7.948128584;;;
1847;10402944;898232;7.948128584;;;
1848;10402944;898232;7.948128584;;;
1849;10402944;898232;7.948128584;;;
1850;10402944;898232;7.948128584;;;
1851;10402944;898232;7.948128584;;;
1852;10402944;898232;7.948128584;;;
1853;10402944;898232;7.948128584;;;
1854;10402944;898232;7.948128584;;;
1855;10402944;898232;7.948128584;;;
1856;10402944;898232;7.948128584;;;
1857;10402944;898232;7.948128584;;;
1858;10402944;898232;7.948128584;;;
1859;10402944;898232;7.948128584;;;
1860;10402944;898232;7.948128584;;;
1861;10402820;898356;7.949225815;;;
1862;10402820;898356;7.949225815;;;
1863;10402820;898356;7.949225815;;;
1864;10402820;898356;7.949225815;;;
1865;10402820;898356;7.949225815;;;
1866;10402820;898356;7.949225815;;;
1867;10402820;898356;7.949225815;;;
1868;10402820;898356;7.949225815;;;
1869;10402820;898356;7.949225815;;;
1870;10402820;898356;7.949225815;;;
1871;10402820;898356;7.949225815;;;
1872;10402820;898356;7.949225815;;;
1873;10402820;898356;7.949225815;;;
1874;10402820;898356;7.949225815;;;
1875;10402820;898356;7.949225815;;;
1876;10402820;898356;7.949225815;;;
1877;10402820;898356;7.949225815;;;
1878;10402820;898356;7.949225815;;;
1879;10402820;898356;7.949225815;;;
1880;10402820;898356;7.949225815;;;
1881;10402820;898356;7.949225815;;;
1882;10402820;898356;7.949225815;;;
1883;10402820;898356;7.949225815;;;
1884;10402820;898356;7.949225815;;;
1885;10402820;898356;7.949225815;;;
1886;10402820;898356;7.949225815;;;
1887;10402820;898356;7.949225815;;;
1888;10402820;898356;7.949225815;;;
1889;10402820;898356;7.949225815;;;
1890;10402820;898356;7.949225815;;;
1891;10402820;898356;7.949225815;;;
1892;10402820;898356;7.949225815;;;
1893;10402820;898356;7.949225815;;;
1894;10402820;898356;7.949225815;;;
1895;10402820;898356;7.949225815;;;
1896;10402820;898356;7.949225815;;;
1897;10402820;898356;7.949225815;;;
1898;10402820;898356;7.949225815;;;
1899;10402820;898356;7.949225815;;;
1900;10402820;898356;7.949225815;;;
1901;10402820;898356;7.949225815;;;
1902;10402820;898356;7.949225815;;;
1903;10402820;898356;7.949225815;;;
1904;10402820;898356;7.949225815;;;
1905;10402820;898356;7.949225815;;;
1906;10402820;898356;7.949225815;;;
1907;10402820;898356;7.949225815;;;
1908;10402820;898356;7.949225815;;;
1909;10402820;898356;7.949225815;;;
1910;10402820;898356;7.949225815;;;
1911;10402820;898356;7.949225815;;;
1912;10402820;898356;7.949225815;;;
1913;10402820;898356;7.949225815;;;
1914;10402820;898356;7.949225815;;;
1915;10402820;898356;7.949225815;;;
1916;10402820;898356;7.949225815;;;
1917;10402820;898356;7.949225815;;;
1918;10402820;898356;7.949225815;;;
1919;10402820;898356;7.949225815;;;
1920;10402820;898356;7.949225815;;;
1921;10402820;898356;7.949225815;;;
1922;10402820;898356;7.949225815;;;
1923;10402820;898356;7.949225815;;;
1924;10402820;898356;7.949225815;;;
1925;10402820;898356;7.949225815;;;
1926;10402820;898356;7.949225815;;;
1927;10402820;898356;7.949225815;;;
1928;10402820;898356;7.949225815;;;
1929;10402820;898356;7.949225815;;;
1930;10402820;898356;7.949225815;;;
1931;10402820;898356;7.949225815;;;
1932;10402820;898356;7.949225815;;;
1933;10402820;898356;7.949225815;;;
1934;10402820;898356;7.949225815;;;
1935;10402820;898356;7.949225815;;;
1936;10402820;898356;7.949225815;;;
1937;10402828;898348;7.949155026;;;
1938;10402828;898348;7.949155026;;;
1939;10402828;898348;7.949155026;;;
1940;10402828;898348;7.949155026;;;
1941;10402828;898348;7.949155026;;;
1942;10402828;898348;7.949155026;;;
1943;10402828;898348;7.949155026;;;
1944;10402828;898348;7.949155026;;;
1945;10402828;898348;7.949155026;;;
1946;10402828;898348;7.949155026;;;
1947;10402828;898348;7.949155026;;;
1948;10402828;898348;7.949155026;;;
1949;10402828;898348;7.949155026;;;
1950;10402828;898348;7.949155026;;;
1951;10402704;898472;7.950252257;;;
1952;10402704;898472;7.950252257;;;
1953;10402704;898472;7.950252257;;;
1954;10402704;898472;7.950252257;;;
1955;10402704;898472;7.950252257;;;
1956;10402704;898472;7.950252257;;;
1957;10402704;898472;7.950252257;;;
1958;10402704;898472;7.950252257;;;
1959;10402704;898472;7.950252257;;;
1960;10402704;898472;7.950252257;;;
1961;10402704;898472;7.950252257;;;
1962;10402704;898472;7.950252257;;;
1963;10402704;898472;7.950252257;;;
1964;10402704;898472;7.950252257;;;
1965;10402704;898472;7.950252257;;;
1966;10402704;898472;7.950252257;;;
1967;10402704;898472;7.950252257;;;
1968;10402704;898472;7.950252257;;;
1969;10402704;898472;7.950252257;;;
1970;10402704;898472;7.950252257;;;
1971;10402704;898472;7.950252257;;;
1972;10402704;898472;7.950252257;;;
1973;10402704;898472;7.950252257;;;
1974;10402704;898472;7.950252257;;;
1975;10402704;898472;7.950252257;;;
1976;10402704;898472;7.950252257;;;
1977;10402704;898472;7.950252257;;;
1978;10402704;898472;7.950252257;;;
1979;10402704;898472;7.950252257;;;
1980;10402704;898472;7.950252257;;;
1981;10402704;898472;7.950252257;;;
1982;10402704;898472;7.950252257;;;
1983;10402704;898472;7.950252257;;;
1984;10402704;898472;7.950252257;;;
1985;10402704;898472;7.950252257;;;
1986;10402704;898472;7.950252257;;;
1987;10402704;898472;7.950252257;;;
1988;10402704;898472;7.950252257;;;
1989;10402704;898472;7.950252257;;;
1990;10402704;898472;7.950252257;;;
1991;10402704;898472;7.950252257;;;
1992;10402704;898472;7.950252257;;;
1993;10402704;898472;7.950252257;;;
1994;10402704;898472;7.950252257;;;
1995;10402704;898472;7.950252257;;;
1996;10402704;898472;7.950252257;;;
1997;10402704;898472;7.950252257;;;
1998;10402704;898472;7.950252257;;;
1999;10402704;898472;7.950252257;;;
2000;10402704;898472;7.950252257;;;
2001;10402704;898472;7.950252257;;;
2002;10402704;898472;7.950252257;;;
2003;10402704;898472;7.950252257;;;
2004;10402704;898472;7.950252257;;;
2005;10402704;898472;7.950252257;;;
2006;10402704;898472;7.950252257;;;
2007;10402704;898472;7.950252257;;;
2008;10402704;898472;7.950252257;;;
2009;10402704;898472;7.950252257;;;
2010;10402704;898472;7.950252257;;;
2011;10402704;898472;7.950252257;;;
2012;10402704;898472;7.950252257;;;
2013;10402704;898472;7.950252257;;;
2014;10402704;898472;7.950252257;;;
2015;10402704;898472;7.950252257;;;
2016;10402704;898472;7.950252257;;;
2017;10402704;898472;7.950252257;;;
2018;10402704;898472;7.950252257;;;
2019;10402704;898472;7.950252257;;;
2020;10402704;898472;7.950252257;;;
2021;10402704;898472;7.950252257;;;
2022;10402704;898472;7.950252257;;;
2023;10402704;898472;7.950252257;;;
2024;10402704;898472;7.950252257;;;
2025;10402704;898472;7.950252257;;;
2026;10402704;898472;7.950252257;;;
2027;10402704;898472;7.950252257;;;
2028;10402704;898472;7.950252257;;;
2029;10402704;898472;7.950252257;;;
2030;10402704;898472;7.950252257;;;
2031;10402704;898472;7.950252257;;;
2032;10402704;898472;7.950252257;;;
2033;10402704;898472;7.950252257;;;
2034;10402704;898472;7.950252257;;;
2035;10402704;898472;7.950252257;;;
2036;10402704;898472;7.950252257;;;
2037;10402704;898472;7.950252257;;;
2038;10402704;898472;7.950252257;;;
2039;10402704;898472;7.950252257;;;
2040;10402704;898472;7.950252257;;;
2041;10402704;898472;7.950252257;;;
2042;10402704;898472;7.950252257;;;
2043;10402704;898472;7.950252257;;;
2044;10402704;898472;7.950252257;;;
2045;10402704;898472;7.950252257;;;
2046;10402704;898472;7.950252257;;;
2047;10402580;898596;7.951349488;;;
2048;10402580;898596;7.951349488;;;
2049;10402580;898596;7.951349488;;;
2050;10402580;898596;7.951349488;;;
2051;10402580;898596;7.951349488;;;
2052;10402580;898596;7.951349488;;;
2053;10402580;898596;7.951349488;;;
2054;10402580;898596;7.951349488;;;
2055;10402580;898596;7.951349488;;;
2056;10402580;898596;7.951349488;;;
2057;10402580;898596;7.951349488;;;
2058;10402580;898596;7.951349488;;;
2059;10402580;898596;7.951349488;;;
2060;10402580;898596;7.951349488;;;
2061;10402580;898596;7.951349488;;;
2062;10402580;898596;7.951349488;;;
2063;10402580;898596;7.951349488;;;
2064;10402580;898596;7.951349488;;;
2065;10402580;898596;7.951349488;;;
2066;10402580;898596;7.951349488;;;
2067;10402580;898596;7.951349488;;;
2068;10402580;898596;7.951349488;;;
2069;10402580;898596;7.951349488;;;
2070;10402580;898596;7.951349488;;;
2071;10402580;898596;7.951349488;;;
2072;10402580;898596;7.951349488;;;
2073;10402580;898596;7.951349488;;;
2074;10402580;898596;7.951349488;;;
2075;10402580;898596;7.951349488;;;
2076;10402580;898596;7.951349488;;;
2077;10402580;898596;7.951349488;;;
2078;10402580;898596;7.951349488;;;
2079;10402580;898596;7.951349488;;;
2080;10402580;898596;7.951349488;;;
2081;10402580;898596;7.951349488;;;
2082;10402580;898596;7.951349488;;;
2083;10402580;898596;7.951349488;;;
2084;10402580;898596;7.951349488;;;
2085;10402580;898596;7.951349488;;;
2086;10402580;898596;7.951349488;;;
2087;10402580;898596;7.951349488;;;
2088;10402580;898596;7.951349488;;;
2089;10402580;898596;7.951349488;;;
2090;10402580;898596;7.951349488;;;
2091;10402580;898596;7.951349488;;;
2092;10402580;898596;7.951349488;;;
2093;10402580;898596;7.951349488;;;
2094;10402580;898596;7.951349488;;;
2095;10402580;898596;7.951349488;;;
2096;10402580;898596;7.951349488;;;
2097;10402580;898596;7.951349488;;;
2098;10402580;898596;7.951349488;;;
2099;10402580;898596;7.951349488;;;
2100;10402580;898596;7.951349488;;;
2101;10402580;898596;7.951349488;;;
2102;10402580;898596;7.951349488;;;
2103;10402580;898596;7.951349488;;;
2104;10402580;898596;7.951349488;;;
2105;10402580;898596;7.951349488;;;
2106;10402580;898596;7.951349488;;;
2107;10402580;898596;7.951349488;;;
2108;10402580;898596;7.951349488;;;
2109;10402580;898596;7.951349488;;;
2110;10402580;898596;7.951349488;;;
2111;10402580;898596;7.951349488;;;
2112;10402564;898612;7.951491066;;;
2113;10402580;898596;7.951349488;;;
2114;10402580;898596;7.951349488;;;
2115;10402580;898596;7.951349488;;;
2116;10402580;898596;7.951349488;;;
2117;10402580;898596;7.951349488;;;
2118;10402580;898596;7.951349488;;;
2119;10402580;898596;7.951349488;;;
2120;10402580;898596;7.951349488;;;
2121;10402580;898596;7.951349488;;;
2122;10402580;898596;7.951349488;;;
2123;10402580;898596;7.951349488;;;
2124;10402580;898596;7.951349488;;;
2125;10402580;898596;7.951349488;;;
2126;10402580;898596;7.951349488;;;
2127;10402580;898596;7.951349488;;;
2128;10402580;898596;7.951349488;;;
2129;10402580;898596;7.951349488;;;
2130;10402580;898596;7.951349488;;;
2131;10402580;898596;7.951349488;;;
2132;10402580;898596;7.951349488;;;
2133;10402580;898596;7.951349488;;;
2134;10402580;898596;7.951349488;;;
2135;10402580;898596;7.951349488;;;
2136;10402580;898596;7.951349488;;;
2137;10402456;898720;7.952446719;;;
2138;10402456;898720;7.952446719;;;
2139;10402456;898720;7.952446719;;;
2140;10402456;898720;7.952446719;;;
