Timestamp;% CPU (global);% CPU (user);% CPU (system);;;;
5;1.50;1.00;0.30;;;;
10;1.70;1.20;0.30;;global media;user media;system media
15;0.90;0.50;0.20;;0.976944444;0.553333333;0.276388889
20;1.00;0.70;0.20;;;;
25;0.80;0.60;0.20;;;;
30;0.80;0.60;0.20;;;;
35;1.00;0.60;0.20;;;;
40;1.00;0.60;0.30;;;;
45;1.00;0.60;0.20;;;;
50;0.80;0.60;0.10;;;;
55;0.90;0.50;0.20;;;;
60;0.80;0.50;0.20;;;;
65;0.90;0.60;0.20;;;;
70;0.80;0.50;0.20;;;;
75;1.20;0.90;0.20;;;;
80;0.80;0.60;0.10;;;;
85;1.00;0.60;0.30;;;;
90;0.80;0.60;0.20;;;;
95;0.90;0.50;0.20;;;;
100;0.90;0.50;0.30;;;;
105;0.90;0.60;0.20;;;;
110;1.00;0.60;0.20;;;;
115;1.00;0.70;0.20;;;;
120;2.70;2.20;0.30;;;;
125;0.80;0.50;0.20;;;;
130;0.90;0.60;0.20;;;;
135;0.80;0.50;0.20;;;;
140;0.90;0.60;0.10;;;;
145;0.90;0.50;0.30;;;;
150;1.00;0.60;0.30;;;;
155;0.90;0.60;0.20;;;;
160;0.80;0.50;0.30;;;;
165;1.00;0.60;0.30;;;;
170;1.10;0.70;0.20;;;;
175;1.00;0.70;0.20;;;;
180;0.90;0.60;0.20;;;;
185;0.90;0.60;0.20;;;;
190;0.90;0.50;0.30;;;;
195;0.90;0.60;0.20;;;;
200;1.30;0.90;0.20;;;;
205;0.90;0.60;0.10;;;;
210;0.80;0.50;0.20;;;;
215;1.40;0.70;0.40;;;;
220;0.90;0.60;0.20;;;;
225;1.00;0.60;0.30;;;;
230;1.00;0.50;0.30;;;;
235;1.00;0.50;0.40;;;;
240;0.90;0.60;0.20;;;;
245;1.20;0.80;0.20;;;;
250;0.90;0.60;0.10;;;;
255;1.10;0.60;0.30;;;;
260;0.90;0.50;0.20;;;;
265;1.50;1.10;0.40;;;;
270;1.80;1.30;0.30;;;;
275;0.90;0.60;0.20;;;;
280;0.90;0.60;0.20;;;;
285;1.00;0.50;0.30;;;;
290;1.00;0.60;0.20;;;;
295;0.90;0.60;0.20;;;;
300;0.90;0.50;0.30;;;;
305;0.90;0.60;0.20;;;;
310;0.90;0.50;0.20;;;;
315;1.00;0.60;0.30;;;;
320;1.00;0.60;0.20;;;;
325;1.00;0.50;0.30;;;;
330;0.70;0.50;0.20;;;;
335;1.30;1.00;0.20;;;;
340;1.10;0.60;0.20;;;;
345;0.90;0.60;0.20;;;;
350;0.90;0.60;0.20;;;;
355;1.00;0.60;0.20;;;;
360;0.90;0.50;0.30;;;;
365;0.80;0.50;0.20;;;;
370;0.90;0.50;0.30;;;;
375;0.80;0.50;0.20;;;;
380;0.80;0.50;0.20;;;;
385;1.10;0.70;0.20;;;;
390;0.80;0.60;0.20;;;;
395;1.00;0.60;0.20;;;;
400;1.00;0.60;0.20;;;;
405;0.90;0.60;0.20;;;;
410;1.00;0.60;0.30;;;;
415;0.90;0.50;0.20;;;;
420;0.80;0.50;0.20;;;;
425;1.10;0.70;0.20;;;;
430;1.00;0.70;0.20;;;;
435;1.00;0.60;0.30;;;;
440;0.90;0.50;0.20;;;;
445;1.00;0.60;0.20;;;;
450;0.90;0.60;0.20;;;;
455;0.90;0.60;0.20;;;;
460;0.80;0.50;0.20;;;;
465;1.40;1.00;0.30;;;;
470;0.90;0.50;0.30;;;;
475;0.90;0.60;0.20;;;;
480;0.70;0.50;0.20;;;;
485;0.80;0.50;0.20;;;;
490;0.90;0.50;0.20;;;;
495;0.90;0.60;0.20;;;;
500;0.80;0.50;0.20;;;;
505;1.00;0.60;0.20;;;;
510;1.00;0.70;0.20;;;;
515;1.00;0.60;0.20;;;;
520;0.90;0.60;0.20;;;;
525;0.90;0.60;0.20;;;;
530;0.80;0.50;0.20;;;;
535;1.10;0.70;0.30;;;;
540;1.00;0.60;0.30;;;;
545;1.00;0.60;0.20;;;;
550;0.80;0.50;0.10;;;;
555;0.90;0.60;0.20;;;;
560;0.90;0.60;0.20;;;;
565;2.30;1.60;0.40;;;;
570;1.10;0.70;0.20;;;;
575;0.90;0.50;0.20;;;;
580;1.00;0.70;0.20;;;;
585;0.90;0.50;0.20;;;;
590;1.00;0.70;0.20;;;;
595;1.10;0.70;0.30;;;;
600;1.40;1.00;0.20;;;;
605;0.90;0.60;0.20;;;;
610;1.00;0.50;0.30;;;;
615;1.00;0.60;0.20;;;;
620;0.90;0.50;0.30;;;;
625;0.90;0.50;0.20;;;;
630;0.90;0.50;0.20;;;;
635;0.90;0.50;0.30;;;;
640;1.00;0.60;0.20;;;;
645;0.90;0.60;0.20;;;;
650;0.90;0.50;0.20;;;;
655;1.00;0.60;0.20;;;;
660;0.80;0.50;0.20;;;;
665;0.90;0.50;0.30;;;;
670;0.90;0.60;0.20;;;;
675;1.00;0.70;0.20;;;;
680;1.00;0.50;0.30;;;;
685;0.90;0.50;0.30;;;;
690;0.80;0.40;0.30;;;;
695;0.90;0.60;0.20;;;;
700;0.90;0.60;0.20;;;;
705;1.00;0.50;0.20;;;;
710;1.10;0.60;0.30;;;;
715;0.90;0.60;0.20;;;;
720;0.80;0.50;0.20;;;;
725;1.30;0.90;0.20;;;;
730;0.80;0.60;0.10;;;;
735;1.00;0.60;0.30;;;;
740;1.00;0.60;0.20;;;;
745;1.00;0.60;0.30;;;;
750;1.00;0.60;0.20;;;;
755;1.00;0.50;0.30;;;;
760;1.00;0.70;0.20;;;;
765;1.00;0.60;0.20;;;;
770;0.90;0.60;0.20;;;;
775;1.00;0.50;0.30;;;;
780;0.90;0.60;0.30;;;;
785;0.90;0.50;0.20;;;;
790;0.90;0.60;0.20;;;;
795;1.00;0.60;0.30;;;;
800;0.80;0.50;0.20;;;;
805;1.00;0.50;0.30;;;;
810;0.90;0.60;0.20;;;;
815;0.90;0.60;0.20;;;;
820;0.90;0.50;0.30;;;;
825;0.80;0.50;0.20;;;;
830;1.00;0.60;0.20;;;;
835;1.00;0.60;0.30;;;;
840;1.00;0.60;0.20;;;;
845;1.20;0.70;0.30;;;;
850;0.90;0.50;0.20;;;;
855;1.30;0.90;0.20;;;;
860;1.00;0.60;0.20;;;;
865;1.80;1.30;0.30;;;;
870;0.90;0.60;0.30;;;;
875;1.00;0.50;0.30;;;;
880;0.90;0.50;0.20;;;;
885;0.80;0.50;0.20;;;;
890;0.90;0.50;0.30;;;;
895;1.10;0.70;0.30;;;;
900;0.90;0.50;0.30;;;;
905;1.00;0.70;0.10;;;;
910;1.00;0.60;0.30;;;;
915;1.00;0.60;0.20;;;;
920;0.90;0.50;0.20;;;;
925;1.10;0.60;0.30;;;;
930;0.90;0.60;0.20;;;;
935;0.70;0.40;0.20;;;;
940;0.90;0.60;0.20;;;;
945;0.80;0.50;0.20;;;;
950;0.80;0.60;0.20;;;;
955;1.00;0.60;0.30;;;;
960;0.80;0.50;0.30;;;;
965;0.90;0.60;0.20;;;;
970;0.80;0.50;0.20;;;;
975;0.90;0.60;0.20;;;;
980;0.80;0.50;0.30;;;;
985;0.80;0.50;0.10;;;;
990;0.90;0.60;0.20;;;;
995;1.40;0.90;0.30;;;;
1000;0.90;0.50;0.30;;;;
1005;0.70;0.50;0.20;;;;
1010;0.90;0.50;0.30;;;;
1015;1.10;0.60;0.20;;;;
1020;0.70;0.50;0.20;;;;
1025;0.80;0.40;0.20;;;;
1030;0.90;0.60;0.20;;;;
1035;1.00;0.50;0.30;;;;
1040;1.00;0.60;0.20;;;;
1045;1.00;0.60;0.30;;;;
1050;0.80;0.50;0.30;;;;
1055;0.90;0.50;0.20;;;;
1060;0.90;0.60;0.20;;;;
1065;0.90;0.50;0.30;;;;
1070;0.90;0.60;0.20;;;;
1075;0.90;0.60;0.20;;;;
1080;0.80;0.50;0.30;;;;
1085;1.00;0.60;0.20;;;;
1090;0.90;0.60;0.20;;;;
1095;0.90;0.50;0.20;;;;
1100;0.90;0.50;0.20;;;;
1105;0.90;0.60;0.20;;;;
1110;0.90;0.50;0.20;;;;
1115;1.10;0.70;0.20;;;;
1120;0.90;0.50;0.20;;;;
1125;0.80;0.50;0.20;;;;
1130;1.40;0.90;0.40;;;;
1135;0.90;0.60;0.20;;;;
1140;0.80;0.50;0.20;;;;
1145;1.00;0.70;0.20;;;;
1150;0.90;0.60;0.20;;;;
1155;0.90;0.50;0.20;;;;
1160;0.90;0.50;0.20;;;;
1165;2.00;1.50;0.40;;;;
1170;0.90;0.50;0.20;;;;
1175;1.00;0.60;0.30;;;;
1180;1.00;0.60;0.30;;;;
1185;0.90;0.50;0.20;;;;
1190;0.90;0.60;0.20;;;;
1195;1.00;0.60;0.20;;;;
1200;0.90;0.60;0.20;;;;
1205;1.10;0.60;0.30;;;;
1210;1.00;0.60;0.30;;;;
1215;1.90;0.50;0.30;;;;
1220;1.00;0.50;0.20;;;;
1225;2.20;0.60;0.20;;;;
1230;1.00;0.50;0.20;;;;
1235;2.40;0.90;0.20;;;;
1240;1.10;0.60;0.20;;;;
1245;2.00;0.60;0.20;;;;
1250;1.10;0.60;0.20;;;;
1255;3.30;0.50;0.30;;;;
1260;1.60;0.60;0.30;;;;
1265;5.60;0.70;0.30;;;;
1270;2.40;0.50;0.20;;;;
1275;1.00;0.60;0.20;;;;
1280;0.90;0.60;0.20;;;;
1285;0.90;0.60;0.20;;;;
1290;1.00;0.60;0.20;;;;
1295;0.90;0.50;0.20;;;;
1300;0.80;0.60;0.20;;;;
1305;0.80;0.50;0.20;;;;
1310;0.80;0.50;0.20;;;;
1315;0.90;0.50;0.20;;;;
1320;1.00;0.60;0.30;;;;
1325;1.00;0.50;0.30;;;;
1330;0.90;0.50;0.20;;;;
1335;1.00;0.60;0.30;;;;
1340;0.80;0.50;0.20;;;;
1345;1.00;0.60;0.30;;;;
1350;0.90;0.50;0.20;;;;
1355;0.90;0.60;0.20;;;;
1360;1.00;0.60;0.30;;;;
1365;1.00;0.60;0.20;;;;
1370;1.40;1.00;0.30;;;;
1375;1.00;0.50;0.30;;;;
1380;0.90;0.60;0.20;;;;
1385;0.80;0.50;0.20;;;;
1390;0.80;0.50;0.20;;;;
1395;0.90;0.60;0.20;;;;
1400;0.80;0.50;0.20;;;;
1405;0.90;0.60;0.20;;;;
1410;0.90;0.60;0.20;;;;
1415;1.00;0.60;0.20;;;;
1420;1.00;0.60;0.20;;;;
1425;0.90;0.50;0.30;;;;
1430;0.90;0.60;0.20;;;;
1435;1.10;0.70;0.20;;;;
1440;0.80;0.60;0.20;;;;
1445;0.90;0.60;0.20;;;;
1450;1.00;0.60;0.20;;;;
1455;1.00;0.70;0.20;;;;
1460;0.90;0.50;0.30;;;;
1465;1.90;1.40;0.30;;;;
1470;0.80;0.50;0.20;;;;
1475;0.80;0.50;0.20;;;;
1480;0.90;0.50;0.20;;;;
1485;1.00;0.60;0.20;;;;
1490;0.90;0.50;0.30;;;;
1495;1.00;0.60;0.20;;;;
1500;0.90;0.50;0.30;;;;
1505;1.40;1.00;0.30;;;;
1510;0.90;0.50;0.30;;;;
1515;0.80;0.50;0.20;;;;
1520;0.90;0.50;0.30;;;;
1525;0.80;0.50;0.20;;;;
1530;0.80;0.50;0.10;;;;
1535;1.00;0.60;0.30;;;;
1540;1.00;0.60;0.20;;;;
1545;0.90;0.50;0.20;;;;
1550;0.90;0.60;0.20;;;;
1555;1.00;0.60;0.30;;;;
1560;0.90;0.50;0.20;;;;
1565;1.00;0.60;0.20;;;;
1570;0.90;0.60;0.20;;;;
1575;1.00;0.70;0.20;;;;
1580;0.80;0.60;0.20;;;;
1585;1.00;0.70;0.20;;;;
1590;0.90;0.60;0.20;;;;
1595;0.90;0.50;0.20;;;;
1600;0.90;0.50;0.20;;;;
1605;0.90;0.50;0.20;;;;
1610;0.90;0.60;0.20;;;;
1615;0.80;0.50;0.20;;;;
1620;1.00;0.60;0.20;;;;
1625;0.90;0.50;0.20;;;;
1630;0.80;0.50;0.20;;;;
1635;0.90;0.60;0.20;;;;
1640;0.80;0.50;0.20;;;;
1645;1.30;1.00;0.20;;;;
1650;0.90;0.60;0.20;;;;
1655;1.00;0.60;0.20;;;;
1660;0.80;0.50;0.20;;;;
1665;1.00;0.60;0.20;;;;
1670;0.90;0.60;0.30;;;;
1675;0.90;0.60;0.20;;;;
1680;1.00;0.60;0.20;;;;
1685;0.80;0.50;0.20;;;;
1690;1.00;0.60;0.30;;;;
1695;0.90;0.50;0.30;;;;
1700;0.90;0.50;0.30;;;;
1705;0.80;0.50;0.10;;;;
1710;1.00;0.60;0.20;;;;
1715;0.70;0.40;0.20;;;;
1720;0.90;0.60;0.20;;;;
1725;0.90;0.60;0.20;;;;
1730;0.90;0.50;0.20;;;;
1735;1.10;0.70;0.20;;;;
1740;1.00;0.70;0.10;;;;
1745;1.00;0.60;0.30;;;;
1750;0.90;0.60;0.20;;;;
1755;0.90;0.60;0.10;;;;
1760;1.10;0.70;0.30;;;;
1765;2.40;1.90;0.30;;;;
1770;1.00;0.50;0.30;;;;
1775;1.30;1.00;0.30;;;;
1780;0.80;0.50;0.20;;;;
1785;1.00;0.60;0.20;;;;
1790;1.00;0.70;0.10;;;;
1795;0.90;0.60;0.20;;;;
1800;1.00;0.60;0.20;;;;
1805;1.00;0.60;0.30;;;;
1810;0.90;0.60;0.20;;;;
1815;1.00;0.60;0.20;;;;
1820;0.80;0.60;0.20;;;;
1825;0.90;0.60;0.20;;;;
1830;0.90;0.50;0.20;;;;
1835;1.00;0.60;0.30;;;;
1840;0.90;0.50;0.30;;;;
1845;0.80;0.50;0.20;;;;
1850;0.80;0.60;0.20;;;;
1855;1.00;0.60;0.20;;;;
1860;1.00;0.60;0.30;;;;
1865;0.90;0.50;0.20;;;;
1870;0.90;0.50;0.20;;;;
1875;0.90;0.50;0.20;;;;
1880;0.90;0.50;0.30;;;;
1885;0.90;0.50;0.30;;;;
1890;0.90;0.60;0.10;;;;
1895;1.80;1.30;0.30;;;;
1900;1.70;1.30;0.30;;;;
1905;1.10;0.60;0.20;;;;
1910;1.40;1.00;0.30;;;;
1915;0.80;0.50;0.20;;;;
1920;0.80;0.60;0.20;;;;
1925;1.00;0.60;0.30;;;;
1930;0.90;0.60;0.20;;;;
1935;0.90;0.50;0.30;;;;
1940;0.80;0.50;0.20;;;;
1945;0.80;0.50;0.20;;;;
1950;0.80;0.50;0.20;;;;
1955;0.90;0.50;0.20;;;;
1960;1.20;0.80;0.20;;;;
1965;1.00;0.60;0.20;;;;
1970;0.90;0.60;0.20;;;;
1975;0.80;0.50;0.20;;;;
1980;1.00;0.60;0.30;;;;
1985;1.00;0.60;0.20;;;;
1990;0.90;0.60;0.20;;;;
1995;0.90;0.60;0.20;;;;
2000;0.80;0.50;0.20;;;;
2005;0.90;0.50;0.20;;;;
2010;0.90;0.60;0.20;;;;
2015;0.90;0.50;0.20;;;;
2020;0.80;0.50;0.20;;;;
2025;0.90;0.60;0.30;;;;
2030;0.80;0.50;0.20;;;;
2035;1.00;0.60;0.20;;;;
2040;0.90;0.50;0.20;;;;
2045;0.90;0.50;0.20;;;;
2050;1.30;1.00;0.20;;;;
2055;1.00;0.60;0.20;;;;
2060;0.80;0.60;0.20;;;;
2065;1.80;1.30;0.40;;;;
2070;0.90;0.60;0.20;;;;
2075;1.10;0.60;0.30;;;;
2080;0.90;0.60;0.20;;;;
2085;0.90;0.50;0.30;;;;
2090;0.90;0.60;0.30;;;;
2095;0.90;0.60;0.10;;;;
2100;1.00;0.50;0.20;;;;
2105;0.80;0.50;0.20;;;;
2110;0.90;0.60;0.30;;;;
2115;1.00;0.60;0.20;;;;
2120;0.90;0.60;0.20;;;;
2125;0.90;0.50;0.30;;;;
2130;0.80;0.50;0.20;;;;
2135;0.90;0.60;0.20;;;;
2140;0.90;0.50;0.30;;;;
2145;0.90;0.60;0.20;;;;
2150;0.90;0.60;0.20;;;;
2155;1.00;0.70;0.20;;;;
2160;1.00;0.60;0.20;;;;
2165;0.90;0.50;0.20;;;;
2170;0.90;0.50;0.20;;;;
2175;0.90;0.50;0.20;;;;
2180;0.80;0.50;0.20;;;;
2185;1.40;1.10;0.30;;;;
2190;0.90;0.60;0.20;;;;
2195;0.90;0.50;0.20;;;;
2200;0.80;0.40;0.20;;;;
2205;1.00;0.50;0.20;;;;
2210;0.90;0.50;0.30;;;;
2215;0.90;0.60;0.20;;;;
2220;1.00;0.60;0.20;;;;
2225;1.10;0.60;0.30;;;;
2230;0.90;0.60;0.20;;;;
2235;1.00;0.60;0.20;;;;
2240;1.00;0.60;0.30;;;;
2245;0.90;0.50;0.20;;;;
2250;0.90;0.50;0.30;;;;
2255;0.90;0.50;0.20;;;;
2260;1.00;0.60;0.20;;;;
2265;1.00;0.50;0.20;;;;
2270;0.90;0.60;0.20;;;;
2275;0.90;0.60;0.10;;;;
2280;0.90;0.60;0.20;;;;
2285;0.90;0.60;0.20;;;;
2290;0.90;0.60;0.20;;;;
2295;0.90;0.60;0.20;;;;
2300;0.80;0.40;0.20;;;;
2305;1.00;0.60;0.30;;;;
2310;0.90;0.60;0.20;;;;
2315;0.90;0.60;0.20;;;;
2320;1.40;1.10;0.20;;;;
2325;1.10;0.60;0.30;;;;
2330;0.80;0.50;0.20;;;;
2335;0.90;0.60;0.20;;;;
2340;1.00;0.60;0.30;;;;
2345;1.00;0.60;0.20;;;;
2350;0.80;0.50;0.20;;;;
2355;0.80;0.50;0.20;;;;
2360;0.80;0.50;0.20;;;;
2365;2.30;1.70;0.40;;;;
2370;0.90;0.60;0.10;;;;
2375;1.00;0.60;0.20;;;;
2380;0.90;0.60;0.20;;;;
2385;0.90;0.60;0.20;;;;
2390;1.00;0.50;0.30;;;;
2395;0.90;0.50;0.30;;;;
2400;0.90;0.60;0.20;;;;
2405;0.90;0.60;0.20;;;;
2410;0.90;0.60;0.20;;;;
2415;0.90;0.60;0.20;;;;
2420;0.90;0.60;0.20;;;;
2425;1.00;0.50;0.30;;;;
2430;0.90;0.60;0.30;;;;
2435;0.90;0.50;0.20;;;;
2440;0.90;0.70;0.20;;;;
2445;0.80;0.50;0.20;;;;
2450;0.90;0.60;0.20;;;;
2455;1.30;0.90;0.30;;;;
2460;0.70;0.50;0.20;;;;
2465;1.00;0.60;0.20;;;;
2470;0.80;0.50;0.20;;;;
2475;0.90;0.50;0.20;;;;
2480;0.80;0.40;0.30;;;;
2485;1.00;0.60;0.20;;;;
2490;0.90;0.60;0.20;;;;
2495;1.00;0.60;0.30;;;;
2500;0.80;0.50;0.10;;;;
2505;0.90;0.60;0.20;;;;
2510;0.80;0.50;0.20;;;;
2515;1.00;0.60;0.30;;;;
2520;1.00;0.60;0.20;;;;
2525;1.00;0.60;0.30;;;;
2530;0.90;0.50;0.20;;;;
2535;0.80;0.60;0.10;;;;
2540;1.00;0.60;0.30;;;;
2545;1.00;0.60;0.20;;;;
2550;1.00;0.60;0.30;;;;
2555;0.80;0.50;0.20;;;;
2560;0.90;0.50;0.20;;;;
2565;0.80;0.60;0.20;;;;
2570;1.00;0.60;0.30;;;;
2575;0.90;0.60;0.20;;;;
2580;0.90;0.50;0.20;;;;
2585;1.40;0.90;0.30;;;;
2590;0.90;0.60;0.20;;;;
2595;1.00;0.60;0.20;;;;
2600;0.90;0.60;0.20;;;;
2605;0.90;0.60;0.20;;;;
2610;0.80;0.50;0.20;;;;
2615;0.90;0.50;0.20;;;;
2620;0.80;0.50;0.20;;;;
2625;0.90;0.60;0.20;;;;
2630;0.90;0.60;0.20;;;;
2635;0.90;0.50;0.20;;;;
2640;1.00;0.70;0.20;;;;
2645;0.80;0.40;0.20;;;;
2650;0.80;0.50;0.20;;;;
2655;1.00;0.70;0.20;;;;
2660;1.10;0.70;0.20;;;;
2665;1.40;1.00;0.20;;;;
2670;1.20;0.70;0.30;;;;
2675;1.00;0.70;0.20;;;;
2680;1.00;0.60;0.30;;;;
2685;1.00;0.60;0.20;;;;
2690;0.90;0.50;0.20;;;;
2695;0.90;0.50;0.20;;;;
2700;0.80;0.50;0.20;;;;
2705;0.80;0.50;0.20;;;;
2710;0.80;0.50;0.30;;;;
2715;1.00;0.60;0.30;;;;
2720;1.50;1.00;0.30;;;;
2725;0.90;0.50;0.30;;;;
2730;0.90;0.50;0.30;;;;
2735;1.00;0.60;0.20;;;;
2740;0.90;0.70;0.20;;;;
2745;1.00;0.50;0.30;;;;
2750;1.00;0.60;0.30;;;;
2755;0.80;0.50;0.20;;;;
2760;0.90;0.50;0.20;;;;
2765;0.90;0.60;0.20;;;;
2770;1.00;0.70;0.20;;;;
2775;0.90;0.50;0.30;;;;
2780;0.80;0.50;0.20;;;;
2785;1.00;0.60;0.30;;;;
2790;0.80;0.50;0.20;;;;
2795;1.00;0.60;0.30;;;;
2800;1.00;0.60;0.20;;;;
2805;1.10;0.60;0.20;;;;
2810;0.80;0.50;0.30;;;;
2815;0.90;0.60;0.20;;;;
2820;0.90;0.50;0.20;;;;
2825;1.00;0.60;0.30;;;;
2830;0.90;0.50;0.20;;;;
2835;1.00;0.60;0.20;;;;
2840;0.80;0.50;0.20;;;;
2845;0.80;0.50;0.20;;;;
2850;0.90;0.60;0.20;;;;
2855;1.40;1.00;0.30;;;;
2860;0.90;0.50;0.30;;;;
2865;0.90;0.50;0.20;;;;
2870;0.90;0.60;0.30;;;;
2875;1.00;0.70;0.20;;;;
2880;0.90;0.60;0.30;;;;
2885;0.90;0.60;0.20;;;;
2890;0.80;0.50;0.20;;;;
2895;1.00;0.60;0.20;;;;
2900;0.90;0.60;0.30;;;;
2905;0.80;0.50;0.20;;;;
2910;0.90;0.50;0.30;;;;
2915;1.00;0.50;0.20;;;;
2920;0.90;0.50;0.20;;;;
2925;0.90;0.50;0.30;;;;
2930;1.10;0.70;0.30;;;;
2935;1.00;0.60;0.30;;;;
2940;0.90;0.50;0.20;;;;
2945;0.90;0.60;0.20;;;;
2950;0.90;0.60;0.20;;;;
2955;0.90;0.50;0.20;;;;
2960;1.70;1.30;0.30;;;;
2965;1.60;1.20;0.30;;;;
2970;0.90;0.60;0.20;;;;
2975;1.00;0.70;0.20;;;;
2980;0.90;0.50;0.30;;;;
2985;1.00;0.60;0.30;;;;
2990;1.50;1.10;0.30;;;;
2995;0.90;0.50;0.20;;;;
3000;0.90;0.60;0.30;;;;
3005;0.80;0.50;0.20;;;;
3010;0.90;0.60;0.10;;;;
3015;1.00;0.50;0.30;;;;
3020;0.90;0.50;0.20;;;;
3025;0.90;0.60;0.20;;;;
3030;0.90;0.60;0.30;;;;
3035;0.90;0.60;0.20;;;;
3040;0.90;0.50;0.20;;;;
3045;0.90;0.60;0.20;;;;
3050;0.90;0.60;0.20;;;;
3055;0.70;0.40;0.20;;;;
3060;0.90;0.60;0.20;;;;
3065;1.00;0.60;0.30;;;;
3070;0.90;0.50;0.20;;;;
3075;0.90;0.50;0.30;;;;
3080;1.00;0.60;0.30;;;;
3085;0.90;0.50;0.20;;;;
3090;0.90;0.60;0.10;;;;
3095;0.90;0.50;0.30;;;;
3100;0.70;0.50;0.20;;;;
3105;0.90;0.50;0.30;;;;
3110;0.90;0.50;0.30;;;;
3115;0.90;0.50;0.30;;;;
3120;1.00;0.60;0.30;;;;
3125;1.40;1.00;0.30;;;;
3130;0.90;0.60;0.20;;;;
3135;1.00;0.60;0.20;;;;
3140;0.90;0.60;0.30;;;;
3145;0.80;0.50;0.20;;;;
3150;0.80;0.50;0.20;;;;
3155;0.90;0.50;0.20;;;;
3160;1.10;0.60;0.20;;;;
3165;0.90;0.60;0.20;;;;
3170;1.00;0.60;0.30;;;;
3175;0.90;0.60;0.20;;;;
3180;0.80;0.50;0.20;;;;
3185;0.90;0.50;0.30;;;;
3190;0.90;0.60;0.20;;;;
3195;1.00;0.60;0.30;;;;
3200;0.90;0.60;0.20;;;;
3205;0.80;0.60;0.10;;;;
3210;1.00;0.60;0.30;;;;
3215;0.80;0.50;0.20;;;;
3220;1.00;0.60;0.30;;;;
3225;0.80;0.50;0.20;;;;
3230;0.90;0.60;0.20;;;;
3235;1.00;0.60;0.20;;;;
3240;1.00;0.60;0.20;;;;
3245;1.00;0.60;0.30;;;;
3250;0.90;0.60;0.30;;;;
3255;0.90;0.60;0.10;;;;
3260;1.60;1.30;0.20;;;;
3265;1.50;1.00;0.30;;;;
3270;0.80;0.50;0.10;;;;
3275;0.90;0.50;0.30;;;;
3280;0.80;0.50;0.20;;;;
3285;1.00;0.60;0.20;;;;
3290;1.00;0.60;0.30;;;;
3295;0.90;0.60;0.20;;;;
3300;0.90;0.60;0.20;;;;
3305;0.80;0.50;0.20;;;;
3310;0.80;0.50;0.20;;;;
3315;0.80;0.50;0.10;;;;
3320;0.90;0.60;0.20;;;;
3325;0.90;0.60;0.20;;;;
3330;1.00;0.60;0.30;;;;
3335;1.20;0.70;0.30;;;;
3340;0.90;0.50;0.30;;;;
3345;0.90;0.60;0.20;;;;
3350;0.80;0.50;0.20;;;;
3355;1.00;0.60;0.30;;;;
3360;0.80;0.60;0.20;;;;
3365;1.00;0.60;0.20;;;;
3370;1.00;0.50;0.30;;;;
3375;0.90;0.60;0.20;;;;
3380;0.80;0.50;0.20;;;;
3385;1.00;0.50;0.30;;;;
3390;0.80;0.50;0.10;;;;
3395;1.10;0.70;0.20;;;;
3400;1.40;1.10;0.20;;;;
3405;1.00;0.60;0.20;;;;
3410;0.80;0.50;0.20;;;;
3415;1.00;0.60;0.20;;;;
3420;0.80;0.50;0.20;;;;
3425;1.00;0.60;0.20;;;;
3430;0.90;0.50;0.20;;;;
3435;0.90;0.60;0.20;;;;
3440;0.80;0.50;0.20;;;;
3445;1.10;0.70;0.20;;;;
3450;0.80;0.50;0.20;;;;
3455;0.90;0.60;0.20;;;;
3460;0.90;0.50;0.20;;;;
3465;1.00;0.60;0.30;;;;
3470;0.90;0.50;0.30;;;;
3475;1.00;0.60;0.30;;;;
3480;0.80;0.50;0.20;;;;
3485;0.90;0.60;0.20;;;;
3490;0.90;0.50;0.30;;;;
3495;1.00;0.60;0.20;;;;
3500;1.00;0.50;0.30;;;;
3505;0.80;0.50;0.20;;;;
3510;0.90;0.60;0.20;;;;
3515;0.90;0.50;0.30;;;;
3520;1.10;0.70;0.30;;;;
3525;1.00;0.60;0.20;;;;
3530;1.10;0.60;0.40;;;;
3535;1.40;1.00;0.20;;;;
3540;1.10;0.60;0.30;;;;
3545;0.90;0.50;0.30;;;;
3550;0.60;0.30;0.20;;;;
3555;0.70;0.30;0.20;;;;
3560;1.60;1.10;0.30;;;;
3565;1.50;1.00;0.30;;;;
3570;0.80;0.40;0.20;;;;
3575;0.80;0.50;0.20;;;;
3580;0.70;0.40;0.20;;;;
3585;0.80;0.30;0.30;;;;
3590;0.80;0.40;0.20;;;;
3595;0.70;0.30;0.20;;;;
3600;0.80;0.40;0.30;;;;
3605;0.80;0.30;0.30;;;;
3610;0.70;0.40;0.20;;;;
3615;0.70;0.40;0.20;;;;
3620;0.70;0.40;0.20;;;;
3625;0.70;0.40;0.20;;;;
3630;0.80;0.40;0.30;;;;
3635;0.80;0.30;0.20;;;;
3640;0.60;0.30;0.20;;;;
3645;0.70;0.30;0.20;;;;
3650;0.80;0.40;0.20;;;;
3655;0.70;0.30;0.20;;;;
3660;0.70;0.40;0.20;;;;
3665;0.80;0.40;0.20;;;;
3670;0.80;0.30;0.30;;;;
3675;2.40;1.90;0.30;;;;
3680;0.60;0.20;0.20;;;;
3685;0.70;0.40;0.20;;;;
3690;0.70;0.40;0.30;;;;
3695;0.70;0.30;0.20;;;;
3700;0.80;0.40;0.20;;;;
3705;0.80;0.40;0.20;;;;
3710;0.80;0.40;0.30;;;;
3715;0.70;0.30;0.20;;;;
3720;0.60;0.30;0.20;;;;
3725;0.70;0.40;0.30;;;;
3730;0.70;0.40;0.20;;;;
3735;0.80;0.40;0.30;;;;
3740;0.80;0.40;0.30;;;;
3745;0.70;0.40;0.20;;;;
3750;0.60;0.40;0.20;;;;
3755;0.70;0.30;0.30;;;;
3760;0.70;0.40;0.20;;;;
3765;0.60;0.20;0.20;;;;
3770;0.80;0.40;0.30;;;;
3775;0.60;0.30;0.10;;;;
3780;0.60;0.30;0.20;;;;
3785;0.70;0.40;0.20;;;;
3790;0.60;0.30;0.20;;;;
3795;0.70;0.30;0.20;;;;
3800;0.80;0.40;0.20;;;;
3805;0.80;0.40;0.30;;;;
3810;0.70;0.30;0.20;;;;
3815;0.80;0.50;0.20;;;;
3820;0.80;0.30;0.20;;;;
3825;0.70;0.40;0.20;;;;
3830;0.80;0.50;0.20;;;;
3835;0.70;0.40;0.20;;;;
3840;0.60;0.30;0.20;;;;
3845;0.70;0.30;0.30;;;;
3850;0.70;0.30;0.20;;;;
3855;0.60;0.30;0.20;;;;
3860;1.20;0.80;0.30;;;;
3865;1.10;0.70;0.20;;;;
3870;0.70;0.40;0.30;;;;
3875;0.70;0.40;0.20;;;;
3880;0.60;0.30;0.20;;;;
3885;0.80;0.30;0.20;;;;
3890;0.50;0.20;0.20;;;;
3895;0.60;0.30;0.20;;;;
3900;0.50;0.20;0.20;;;;
3905;0.70;0.40;0.20;;;;
3910;0.80;0.50;0.20;;;;
3915;0.70;0.30;0.30;;;;
3920;0.60;0.30;0.20;;;;
3925;0.70;0.30;0.20;;;;
3930;0.70;0.40;0.30;;;;
3935;0.60;0.30;0.20;;;;
3940;0.70;0.30;0.20;;;;
3945;0.60;0.40;0.10;;;;
3950;0.70;0.30;0.30;;;;
3955;0.60;0.30;0.20;;;;
3960;0.70;0.40;0.20;;;;
3965;0.70;0.30;0.30;;;;
3970;0.70;0.40;0.20;;;;
3975;0.80;0.40;0.20;;;;
3980;0.80;0.40;0.30;;;;
3985;0.70;0.30;0.20;;;;
3990;0.70;0.40;0.20;;;;
3995;0.80;0.40;0.30;;;;
4000;0.70;0.40;0.20;;;;
4005;0.70;0.30;0.30;;;;
4010;0.70;0.40;0.10;;;;
4015;0.70;0.40;0.20;;;;
4020;0.70;0.30;0.30;;;;
4025;0.80;0.40;0.20;;;;
4030;0.80;0.40;0.20;;;;
4035;0.70;0.40;0.20;;;;
4040;0.60;0.30;0.20;;;;
4045;0.80;0.30;0.20;;;;
4050;0.70;0.30;0.30;;;;
4055;0.80;0.30;0.30;;;;
4060;0.70;0.40;0.10;;;;
4065;0.70;0.30;0.20;;;;
4070;0.60;0.40;0.10;;;;
4075;0.70;0.40;0.20;;;;
4080;0.80;0.40;0.30;;;;
4085;0.60;0.20;0.30;;;;
4090;0.60;0.30;0.20;;;;
4095;0.90;0.50;0.30;;;;
4100;0.70;0.40;0.20;;;;
4105;0.70;0.30;0.20;;;;
4110;0.70;0.40;0.30;;;;
4115;0.80;0.30;0.30;;;;
4120;0.80;0.40;0.20;;;;
4125;0.80;0.40;0.20;;;;
4130;0.80;0.50;0.20;;;;
4135;0.80;0.40;0.30;;;;
4140;0.70;0.30;0.20;;;;
4145;0.60;0.30;0.20;;;;
4150;0.70;0.30;0.20;;;;
4155;0.70;0.30;0.20;;;;
4160;1.90;1.30;0.40;;;;
4165;0.70;0.40;0.20;;;;
4170;0.80;0.40;0.20;;;;
4175;0.70;0.30;0.20;;;;
4180;0.70;0.40;0.20;;;;
4185;0.70;0.30;0.20;;;;
4190;0.70;0.30;0.20;;;;
4195;0.70;0.30;0.30;;;;
4200;0.50;0.20;0.20;;;;
4205;0.80;0.40;0.20;;;;
4210;0.70;0.30;0.30;;;;
4215;0.80;0.40;0.30;;;;
4220;0.80;0.40;0.20;;;;
4225;0.70;0.40;0.30;;;;
4230;0.70;0.30;0.30;;;;
4235;0.80;0.40;0.30;;;;
4240;0.70;0.30;0.30;;;;
4245;0.60;0.30;0.20;;;;
4250;0.80;0.50;0.20;;;;
4255;0.60;0.20;0.30;;;;
4260;0.70;0.30;0.20;;;;
4265;0.60;0.30;0.20;;;;
4270;0.80;0.40;0.30;;;;
4275;0.70;0.40;0.20;;;;
4280;0.60;0.30;0.20;;;;
4285;0.70;0.30;0.30;;;;
4290;0.60;0.30;0.20;;;;
4295;0.70;0.30;0.20;;;;
4300;0.70;0.30;0.20;;;;
4305;0.70;0.40;0.20;;;;
4310;0.60;0.30;0.20;;;;
4315;0.70;0.40;0.20;;;;
4320;0.70;0.30;0.30;;;;
4325;0.70;0.40;0.20;;;;
4330;0.80;0.40;0.20;;;;
4335;0.70;0.40;0.10;;;;
4340;0.70;0.30;0.30;;;;
4345;0.70;0.30;0.20;;;;
4350;0.70;0.40;0.10;;;;
4355;0.60;0.30;0.20;;;;
4360;0.70;0.40;0.20;;;;
4365;0.80;0.40;0.20;;;;
4370;0.70;0.40;0.20;;;;
4375;0.70;0.30;0.20;;;;
4380;0.60;0.30;0.20;;;;
4385;0.70;0.30;0.20;;;;
4390;0.80;0.50;0.20;;;;
4395;0.80;0.50;0.20;;;;
4400;0.70;0.30;0.20;;;;
4405;0.70;0.30;0.20;;;;
4410;0.80;0.40;0.30;;;;
4415;0.70;0.40;0.20;;;;
4420;0.70;0.40;0.20;;;;
4425;0.70;0.40;0.20;;;;
4430;0.60;0.30;0.20;;;;
4435;0.70;0.40;0.20;;;;
4440;0.70;0.30;0.30;;;;
4445;0.80;0.30;0.30;;;;
4450;0.70;0.30;0.20;;;;
4455;0.80;0.40;0.20;;;;
4460;1.50;1.10;0.20;;;;
4465;0.60;0.30;0.20;;;;
4470;0.70;0.40;0.20;;;;
4475;0.80;0.40;0.30;;;;
4480;0.70;0.40;0.20;;;;
4485;0.80;0.40;0.20;;;;
4490;0.70;0.40;0.20;;;;
4495;0.90;0.40;0.30;;;;
4500;0.60;0.30;0.20;;;;
4505;0.70;0.30;0.30;;;;
4510;0.80;0.50;0.20;;;;
4515;0.70;0.30;0.30;;;;
4520;0.80;0.40;0.30;;;;
4525;0.70;0.20;0.30;;;;
4530;0.70;0.40;0.20;;;;
4535;0.70;0.40;0.20;;;;
4540;0.60;0.30;0.20;;;;
4545;0.80;0.40;0.20;;;;
4550;0.70;0.40;0.10;;;;
4555;0.80;0.40;0.30;;;;
4560;0.70;0.40;0.20;;;;
4565;0.80;0.40;0.30;;;;
4570;0.80;0.40;0.30;;;;
4575;0.80;0.40;0.30;;;;
4580;0.80;0.50;0.20;;;;
4585;0.80;0.40;0.20;;;;
4590;0.80;0.40;0.20;;;;
4595;0.60;0.30;0.20;;;;
4600;0.70;0.30;0.30;;;;
4605;0.80;0.40;0.20;;;;
4610;0.60;0.40;0.10;;;;
4615;0.70;0.30;0.30;;;;
4620;0.60;0.30;0.20;;;;
4625;0.70;0.40;0.20;;;;
4630;0.70;0.30;0.20;;;;
4635;0.90;0.40;0.30;;;;
4640;0.80;0.40;0.30;;;;
4645;0.60;0.20;0.20;;;;
4650;0.70;0.40;0.20;;;;
4655;0.60;0.30;0.20;;;;
4660;0.90;0.40;0.30;;;;
4665;0.80;0.30;0.30;;;;
4670;0.70;0.40;0.20;;;;
4675;0.70;0.40;0.20;;;;
4680;0.80;0.40;0.20;;;;
4685;0.70;0.30;0.30;;;;
4690;0.60;0.30;0.20;;;;
4695;0.90;0.50;0.30;;;;
4700;0.70;0.40;0.20;;;;
4705;0.60;0.30;0.10;;;;
4710;0.80;0.40;0.20;;;;
4715;0.80;0.40;0.30;;;;
4720;0.60;0.30;0.20;;;;
4725;0.90;0.40;0.30;;;;
4730;0.90;0.40;0.40;;;;
4735;0.70;0.30;0.20;;;;
4740;0.70;0.40;0.30;;;;
4745;0.70;0.30;0.30;;;;
4750;0.70;0.30;0.20;;;;
4755;0.70;0.30;0.30;;;;
4760;2.20;1.60;0.50;;;;
4765;0.80;0.40;0.20;;;;
4770;0.60;0.20;0.30;;;;
4775;0.70;0.30;0.20;;;;
4780;0.80;0.40;0.20;;;;
4785;0.80;0.40;0.30;;;;
4790;0.70;0.30;0.20;;;;
4795;0.70;0.40;0.20;;;;
4800;0.70;0.40;0.20;;;;
4805;0.70;0.30;0.30;;;;
4810;0.60;0.40;0.20;;;;
4815;0.80;0.40;0.20;;;;
4820;0.70;0.40;0.20;;;;
4825;0.80;0.40;0.20;;;;
4830;0.70;0.30;0.30;;;;
4835;0.80;0.40;0.20;;;;
4840;0.60;0.30;0.20;;;;
4845;0.70;0.40;0.20;;;;
4850;0.70;0.30;0.30;;;;
4855;0.70;0.40;0.20;;;;
4860;0.70;0.30;0.20;;;;
4865;0.70;0.40;0.20;;;;
4870;0.70;0.40;0.20;;;;
4875;0.70;0.40;0.20;;;;
4880;0.70;0.40;0.20;;;;
4885;0.70;0.30;0.30;;;;
4890;0.60;0.20;0.20;;;;
4895;0.80;0.40;0.20;;;;
4900;0.70;0.40;0.20;;;;
4905;0.80;0.40;0.30;;;;
4910;0.80;0.40;0.30;;;;
4915;0.70;0.40;0.30;;;;
4920;0.60;0.30;0.20;;;;
4925;0.70;0.40;0.20;;;;
4930;0.80;0.30;0.30;;;;
4935;0.80;0.40;0.30;;;;
4940;0.80;0.30;0.30;;;;
4945;0.50;0.20;0.20;;;;
4950;0.60;0.30;0.20;;;;
4955;0.70;0.30;0.20;;;;
4960;0.70;0.30;0.20;;;;
4965;0.70;0.30;0.20;;;;
4970;0.70;0.40;0.20;;;;
4975;0.70;0.40;0.20;;;;
4980;0.60;0.40;0.10;;;;
4985;0.80;0.30;0.30;;;;
4990;0.60;0.30;0.20;;;;
4995;0.80;0.40;0.30;;;;
5000;0.70;0.40;0.20;;;;
5005;0.90;0.50;0.30;;;;
5010;0.80;0.40;0.20;;;;
5015;0.90;0.50;0.30;;;;
5020;0.60;0.30;0.20;;;;
5025;0.70;0.40;0.20;;;;
5030;0.60;0.30;0.20;;;;
5035;0.80;0.40;0.20;;;;
5040;0.80;0.40;0.20;;;;
5045;0.80;0.50;0.30;;;;
5050;0.70;0.40;0.20;;;;
5055;1.00;0.50;0.20;;;;
5060;1.60;1.10;0.40;;;;
5065;0.90;0.50;0.20;;;;
5070;0.70;0.30;0.20;;;;
5075;0.60;0.30;0.20;;;;
5080;0.80;0.40;0.30;;;;
5085;0.80;0.40;0.20;;;;
5090;0.80;0.40;0.30;;;;
5095;0.70;0.30;0.20;;;;
5100;0.60;0.30;0.20;;;;
5105;0.70;0.40;0.20;;;;
5110;0.80;0.40;0.30;;;;
5115;0.70;0.30;0.20;;;;
5120;0.70;0.40;0.20;;;;
5125;0.80;0.30;0.30;;;;
5130;0.60;0.30;0.10;;;;
5135;0.70;0.30;0.20;;;;
5140;0.70;0.30;0.20;;;;
5145;0.80;0.40;0.30;;;;
5150;0.60;0.30;0.20;;;;
5155;0.60;0.30;0.20;;;;
5160;0.60;0.30;0.20;;;;
5165;0.70;0.30;0.30;;;;
5170;0.70;0.30;0.30;;;;
5175;0.80;0.40;0.30;;;;
5180;0.70;0.40;0.20;;;;
5185;0.70;0.30;0.20;;;;
5190;0.60;0.30;0.20;;;;
5195;0.70;0.40;0.20;;;;
5200;0.70;0.40;0.20;;;;
5205;0.70;0.30;0.20;;;;
5210;0.70;0.40;0.20;;;;
5215;0.60;0.30;0.20;;;;
5220;0.70;0.30;0.30;;;;
5225;0.60;0.40;0.20;;;;
5230;0.80;0.40;0.30;;;;
5235;0.70;0.40;0.20;;;;
5240;0.70;0.30;0.20;;;;
5245;0.70;0.30;0.30;;;;
5250;0.70;0.30;0.20;;;;
5255;0.70;0.40;0.20;;;;
5260;0.70;0.40;0.20;;;;
5265;0.70;0.30;0.20;;;;
5270;0.70;0.30;0.30;;;;
5275;0.70;0.40;0.20;;;;
5280;0.70;0.40;0.20;;;;
5285;0.70;0.30;0.30;;;;
5290;0.60;0.40;0.10;;;;
5295;0.80;0.40;0.20;;;;
5300;0.60;0.30;0.20;;;;
5305;0.80;0.40;0.20;;;;
5310;0.50;0.20;0.20;;;;
5315;0.80;0.50;0.20;;;;
5320;0.80;0.40;0.20;;;;
5325;0.70;0.40;0.30;;;;
5330;0.70;0.40;0.20;;;;
5335;0.60;0.30;0.20;;;;
5340;0.70;0.40;0.20;;;;
5345;0.70;0.40;0.20;;;;
5350;0.80;0.40;0.30;;;;
5355;1.60;1.00;0.40;;;;
5360;1.50;1.00;0.30;;;;
5365;0.60;0.20;0.30;;;;
5370;0.80;0.40;0.30;;;;
5375;0.70;0.40;0.10;;;;
5380;0.60;0.30;0.10;;;;
5385;0.70;0.30;0.20;;;;
5390;0.70;0.40;0.20;;;;
5395;0.70;0.40;0.20;;;;
5400;0.80;0.30;0.30;;;;
5405;0.70;0.40;0.20;;;;
5410;0.70;0.40;0.20;;;;
5415;0.70;0.30;0.30;;;;
5420;0.70;0.40;0.20;;;;
5425;0.80;0.40;0.30;;;;
5430;0.70;0.30;0.20;;;;
5435;0.80;0.40;0.20;;;;
5440;0.80;0.50;0.20;;;;
5445;0.80;0.40;0.20;;;;
5450;0.70;0.30;0.20;;;;
5455;0.70;0.30;0.30;;;;
5460;0.60;0.30;0.10;;;;
5465;0.70;0.30;0.30;;;;
5470;0.70;0.30;0.30;;;;
5475;0.70;0.30;0.20;;;;
5480;0.60;0.30;0.20;;;;
5485;0.70;0.40;0.20;;;;
5490;2.50;1.90;0.40;;;;
5495;0.80;0.40;0.30;;;;
5500;0.80;0.30;0.30;;;;
5505;0.80;0.40;0.20;;;;
5510;0.70;0.40;0.20;;;;
5515;0.80;0.30;0.30;;;;
5520;0.70;0.40;0.20;;;;
5525;0.80;0.30;0.30;;;;
5530;0.70;0.30;0.30;;;;
5535;0.70;0.30;0.20;;;;
5540;0.50;0.30;0.10;;;;
5545;0.70;0.40;0.20;;;;
5550;1.30;0.90;0.20;;;;
5555;0.90;0.40;0.30;;;;
5560;0.60;0.30;0.20;;;;
5565;0.60;0.30;0.20;;;;
5570;0.70;0.40;0.20;;;;
5575;0.70;0.40;0.20;;;;
5580;0.70;0.40;0.20;;;;
5585;0.70;0.30;0.20;;;;
5590;0.70;0.30;0.30;;;;
5595;0.70;0.40;0.30;;;;
5600;0.70;0.30;0.20;;;;
5605;0.60;0.30;0.20;;;;
5610;0.60;0.30;0.20;;;;
5615;0.70;0.30;0.30;;;;
5620;0.60;0.30;0.20;;;;
5625;0.80;0.40;0.20;;;;
5630;0.80;0.30;0.30;;;;
5635;0.80;0.40;0.30;;;;
5640;0.70;0.40;0.10;;;;
5645;0.70;0.40;0.20;;;;
5650;0.70;0.40;0.30;;;;
5655;1.10;0.60;0.30;;;;
5660;1.40;1.00;0.30;;;;
5665;0.70;0.30;0.30;;;;
5670;0.80;0.30;0.30;;;;
5675;0.70;0.40;0.20;;;;
5680;0.70;0.40;0.20;;;;
5685;0.80;0.40;0.20;;;;
5690;0.70;0.40;0.20;;;;
5695;0.70;0.30;0.20;;;;
5700;0.80;0.40;0.20;;;;
5705;0.70;0.40;0.20;;;;
5710;0.70;0.40;0.20;;;;
5715;0.70;0.30;0.30;;;;
5720;1.60;0.90;0.60;;;;
5725;1.20;0.60;0.40;;;;
5730;1.10;0.70;0.30;;;;
5735;1.40;0.70;0.50;;;;
5740;1.30;0.70;0.40;;;;
5745;1.40;0.70;0.60;;;;
5750;1.40;0.80;0.50;;;;
5755;1.40;0.80;0.50;;;;
5760;1.30;0.70;0.50;;;;
5765;1.30;0.70;0.40;;;;
5770;1.20;0.60;0.40;;;;
5775;1.30;0.60;0.60;;;;
5780;1.30;0.70;0.50;;;;
5785;1.20;0.70;0.40;;;;
5790;1.20;0.70;0.30;;;;
5795;1.40;0.70;0.50;;;;
5800;1.20;0.80;0.40;;;;
5805;1.20;0.50;0.40;;;;
5810;1.00;0.50;0.40;;;;
5815;1.30;0.70;0.40;;;;
5820;1.20;0.60;0.40;;;;
5825;1.20;0.60;0.50;;;;
5830;1.20;0.60;0.40;;;;
5835;1.30;0.70;0.50;;;;
5840;1.20;0.60;0.40;;;;
5845;1.20;0.60;0.40;;;;
5850;1.40;0.80;0.40;;;;
5855;1.30;0.70;0.40;;;;
5860;1.10;0.60;0.40;;;;
5865;1.30;0.70;0.40;;;;
5870;1.40;0.70;0.60;;;;
5875;1.50;0.90;0.50;;;;
5880;1.40;0.70;0.60;;;;
5885;1.40;0.80;0.40;;;;
5890;1.20;0.60;0.40;;;;
5895;1.30;0.70;0.50;;;;
5900;1.20;0.60;0.40;;;;
5905;1.40;0.70;0.50;;;;
5910;1.70;0.70;0.70;;;;
5915;1.30;0.70;0.50;;;;
5920;1.20;0.60;0.40;;;;
5925;1.30;0.70;0.40;;;;
5930;1.10;0.60;0.40;;;;
5935;1.30;0.70;0.40;;;;
5940;1.10;0.50;0.50;;;;
5945;1.10;0.60;0.40;;;;
5950;1.30;0.70;0.40;;;;
5955;2.10;1.30;0.60;;;;
5960;1.80;1.10;0.60;;;;
5965;1.40;0.80;0.50;;;;
5970;1.40;0.80;0.50;;;;
5975;1.30;0.60;0.50;;;;
5980;1.20;0.70;0.40;;;;
5985;1.30;0.70;0.40;;;;
5990;1.30;0.60;0.50;;;;
5995;1.20;0.70;0.40;;;;
6000;1.20;0.60;0.40;;;;
6005;1.60;0.90;0.50;;;;
6010;1.10;0.60;0.40;;;;
6015;1.40;0.80;0.40;;;;
6020;1.30;0.70;0.50;;;;
6025;1.30;0.70;0.40;;;;
6030;1.50;0.70;0.60;;;;
6035;1.20;0.60;0.40;;;;
6040;1.20;0.70;0.40;;;;
6045;1.30;0.60;0.60;;;;
6050;1.50;0.80;0.50;;;;
6055;1.20;0.60;0.50;;;;
6060;1.20;0.70;0.40;;;;
6065;1.20;0.60;0.40;;;;
6070;1.20;0.60;0.50;;;;
6075;1.30;0.70;0.50;;;;
6080;1.10;0.60;0.40;;;;
6085;1.20;0.50;0.50;;;;
6090;1.30;0.70;0.50;;;;
6095;1.20;0.60;0.50;;;;
6100;1.30;0.70;0.40;;;;
6105;1.20;0.70;0.40;;;;
6110;1.10;0.60;0.40;;;;
6115;1.20;0.60;0.50;;;;
6120;1.20;0.60;0.40;;;;
6125;1.20;0.60;0.50;;;;
6130;1.40;0.70;0.50;;;;
6135;1.30;0.80;0.40;;;;
6140;1.10;0.60;0.40;;;;
6145;1.50;0.90;0.40;;;;
6150;1.20;0.60;0.40;;;;
6155;1.20;0.60;0.50;;;;
6160;1.40;0.70;0.50;;;;
6165;1.40;0.70;0.50;;;;
6170;1.30;0.60;0.50;;;;
6175;1.10;0.60;0.30;;;;
6180;1.30;0.70;0.50;;;;
6185;1.30;0.70;0.50;;;;
6190;1.40;0.70;0.60;;;;
6195;1.40;0.70;0.50;;;;
6200;1.30;0.70;0.40;;;;
6205;1.30;0.70;0.50;;;;
6210;1.10;0.60;0.40;;;;
6215;1.40;0.70;0.50;;;;
6220;1.40;0.70;0.50;;;;
6225;1.20;0.60;0.40;;;;
6230;1.30;0.60;0.50;;;;
6235;1.40;0.70;0.50;;;;
6240;1.30;0.70;0.50;;;;
6245;1.20;0.60;0.50;;;;
6250;1.10;0.70;0.40;;;;
6255;1.70;1.00;0.50;;;;
6260;1.90;1.30;0.40;;;;
6265;1.30;0.60;0.50;;;;
6270;1.30;0.70;0.40;;;;
6275;1.40;0.70;0.50;;;;
6280;1.10;0.50;0.50;;;;
6285;1.30;0.60;0.60;;;;
6290;1.20;0.70;0.40;;;;
6295;1.20;0.70;0.40;;;;
6300;1.30;0.70;0.40;;;;
6305;1.40;0.60;0.60;;;;
6310;1.20;0.60;0.40;;;;
6315;1.40;0.70;0.50;;;;
6320;1.30;0.70;0.50;;;;
6325;1.40;0.70;0.50;;;;
6330;1.20;0.60;0.50;;;;
6335;1.30;0.80;0.30;;;;
6340;1.30;0.60;0.60;;;;
6345;1.20;0.60;0.50;;;;
6350;1.40;0.70;0.50;;;;
6355;1.20;0.60;0.40;;;;
6360;1.30;0.70;0.50;;;;
6365;1.30;0.60;0.50;;;;
6370;1.40;0.70;0.50;;;;
6375;1.20;0.60;0.50;;;;
6380;1.20;0.60;0.40;;;;
6385;1.40;0.60;0.60;;;;
6390;1.30;0.80;0.30;;;;
6395;1.20;0.60;0.40;;;;
6400;1.20;0.60;0.40;;;;
6405;1.40;0.70;0.40;;;;
6410;1.30;0.70;0.40;;;;
6415;1.30;0.70;0.50;;;;
6420;1.10;0.60;0.40;;;;
6425;1.10;0.60;0.40;;;;
6430;1.30;0.70;0.50;;;;
6435;1.30;0.70;0.50;;;;
6440;1.30;0.80;0.40;;;;
6445;1.40;0.80;0.40;;;;
6450;1.20;0.60;0.40;;;;
6455;1.40;0.70;0.50;;;;
6460;1.30;0.70;0.40;;;;
6465;1.20;0.60;0.50;;;;
6470;1.30;0.70;0.50;;;;
6475;1.20;0.60;0.40;;;;
6480;1.30;0.80;0.40;;;;
6485;1.30;0.60;0.50;;;;
6490;1.20;0.70;0.30;;;;
6495;1.10;0.60;0.40;;;;
6500;1.40;0.80;0.40;;;;
6505;1.30;0.70;0.40;;;;
6510;1.30;0.70;0.40;;;;
6515;1.50;0.80;0.60;;;;
6520;1.30;0.70;0.40;;;;
6525;1.40;0.70;0.50;;;;
6530;1.40;0.70;0.50;;;;
6535;1.20;0.70;0.40;;;;
6540;1.30;0.80;0.40;;;;
6545;1.30;0.60;0.50;;;;
6550;1.40;0.70;0.50;;;;
6555;2.00;1.30;0.50;;;;
6560;2.20;1.40;0.60;;;;
6565;1.20;0.60;0.50;;;;
6570;1.30;0.70;0.40;;;;
6575;1.40;0.80;0.50;;;;
6580;1.30;0.70;0.40;;;;
6585;1.30;0.60;0.50;;;;
6590;1.30;0.80;0.40;;;;
6595;1.20;0.70;0.40;;;;
6600;1.10;0.60;0.40;;;;
6605;1.10;0.50;0.50;;;;
6610;1.30;0.70;0.40;;;;
6615;1.50;0.70;0.60;;;;
6620;1.30;0.70;0.50;;;;
6625;1.30;0.60;0.50;;;;
6630;1.30;0.70;0.40;;;;
6635;1.30;0.60;0.50;;;;
6640;1.50;0.80;0.50;;;;
6645;1.30;0.70;0.50;;;;
6650;1.20;0.50;0.50;;;;
6655;1.20;0.60;0.40;;;;
6660;1.10;0.70;0.40;;;;
6665;1.20;0.60;0.50;;;;
6670;1.20;0.50;0.50;;;;
6675;1.40;0.80;0.40;;;;
6680;1.10;0.60;0.40;;;;
6685;1.30;0.70;0.40;;;;
6690;1.10;0.60;0.40;;;;
6695;1.20;0.70;0.40;;;;
6700;1.20;0.60;0.40;;;;
6705;1.10;0.50;0.50;;;;
6710;1.30;0.70;0.50;;;;
6715;1.10;0.50;0.50;;;;
6720;1.30;0.70;0.40;;;;
6725;1.30;0.70;0.40;;;;
6730;1.10;0.50;0.50;;;;
6735;1.10;0.50;0.50;;;;
6740;1.20;0.60;0.40;;;;
6745;1.10;0.60;0.40;;;;
6750;1.40;0.70;0.50;;;;
6755;1.50;0.80;0.40;;;;
6760;1.30;0.70;0.40;;;;
6765;1.10;0.60;0.40;;;;
6770;1.50;0.80;0.60;;;;
6775;1.40;0.70;0.50;;;;
6780;1.30;0.60;0.50;;;;
6785;1.30;0.60;0.50;;;;
6790;1.20;0.70;0.40;;;;
6795;1.20;0.60;0.40;;;;
6800;1.20;0.70;0.40;;;;
6805;1.30;0.70;0.40;;;;
6810;1.30;0.60;0.50;;;;
6815;1.30;0.70;0.40;;;;
6820;1.40;0.70;0.50;;;;
6825;1.40;0.80;0.40;;;;
6830;1.30;0.60;0.50;;;;
6835;1.40;0.70;0.50;;;;
6840;1.40;0.80;0.50;;;;
6845;1.40;0.80;0.50;;;;
6850;1.40;0.80;0.50;;;;
6855;1.30;0.70;0.40;;;;
6860;1.80;1.20;0.40;;;;
6865;1.30;0.70;0.50;;;;
6870;1.10;0.60;0.40;;;;
6875;1.40;0.70;0.50;;;;
6880;1.30;0.70;0.50;;;;
6885;1.30;0.70;0.50;;;;
6890;1.30;0.50;0.60;;;;
6895;1.30;0.70;0.50;;;;
6900;1.30;0.60;0.50;;;;
6905;1.20;0.60;0.50;;;;
6910;1.70;1.10;0.50;;;;
6915;1.20;0.60;0.40;;;;
6920;1.30;0.60;0.50;;;;
6925;1.20;0.70;0.40;;;;
6930;1.20;0.60;0.40;;;;
6935;1.20;0.70;0.40;;;;
6940;1.30;0.70;0.50;;;;
6945;1.20;0.70;0.40;;;;
6950;1.10;0.60;0.40;;;;
6955;1.40;0.60;0.60;;;;
6960;1.20;0.60;0.50;;;;
6965;1.40;0.70;0.50;;;;
6970;1.20;0.60;0.40;;;;
6975;1.30;0.70;0.40;;;;
6980;1.40;0.80;0.40;;;;
6985;1.30;0.60;0.50;;;;
6990;1.20;0.60;0.40;;;;
6995;1.20;0.60;0.40;;;;
7000;1.40;0.70;0.50;;;;
7005;1.30;0.60;0.50;;;;
7010;1.40;0.80;0.50;;;;
7015;1.30;0.70;0.50;;;;
7020;1.20;0.60;0.40;;;;
7025;1.40;0.70;0.50;;;;
7030;1.40;0.70;0.50;;;;
7035;1.20;0.50;0.50;;;;
7040;1.30;0.70;0.40;;;;
7045;1.40;0.70;0.50;;;;
7050;1.20;0.50;0.60;;;;
7055;1.10;0.50;0.40;;;;
7060;1.40;0.70;0.50;;;;
7065;1.40;0.70;0.50;;;;
7070;1.20;0.70;0.40;;;;
7075;1.20;0.50;0.50;;;;
7080;1.20;0.70;0.40;;;;
7085;1.30;0.60;0.50;;;;
7090;1.20;0.60;0.40;;;;
7095;1.20;0.60;0.50;;;;
7100;1.20;0.60;0.50;;;;
7105;1.40;0.70;0.50;;;;
7110;1.30;0.60;0.50;;;;
7115;1.30;0.60;0.40;;;;
7120;1.60;0.90;0.60;;;;
7125;1.40;0.60;0.60;;;;
7130;1.30;0.60;0.60;;;;
7135;1.90;1.00;0.60;;;;
7140;1.20;0.60;0.50;;;;
7145;1.30;0.70;0.40;;;;
7150;1.60;0.90;0.60;;;;
7155;2.20;1.50;0.50;;;;
7160;2.30;1.40;0.70;;;;
7165;1.50;0.90;0.40;;;;
7170;1.20;0.70;0.40;;;;
7175;1.40;0.80;0.40;;;;
7180;1.40;0.80;0.40;;;;
7185;1.30;0.70;0.40;;;;
7190;1.30;0.70;0.50;;;;
7195;1.50;0.80;0.60;;;;
7200;1.30;0.60;0.50;;;;
