Timestamp;% CPU (global);% CPU (user);% CPU (system)
22:21:21;3.2;2.4;0.8
22:21:26;1.5;1.0;0.3
22:21:31;1.7;1.2;0.3
22:21:36;0.9;0.5;0.2
22:21:41;1.0;0.7;0.2
22:21:46;0.8;0.6;0.2
22:21:51;0.8;0.6;0.2
22:21:56;1.0;0.6;0.2
22:22:01;1.0;0.6;0.3
22:22:06;1.0;0.6;0.2
22:22:11;0.8;0.6;0.1
22:22:16;0.9;0.5;0.2
22:22:21;0.8;0.5;0.2
22:22:26;0.9;0.6;0.2
22:22:31;0.8;0.5;0.2
22:22:36;1.2;0.9;0.2
22:22:41;0.8;0.6;0.1
22:22:46;1.0;0.6;0.3
22:22:51;0.8;0.6;0.2
22:22:56;0.9;0.5;0.2
22:23:01;0.9;0.5;0.3
22:23:06;0.9;0.6;0.2
22:23:11;1.0;0.6;0.2
22:23:16;1.0;0.7;0.2
22:23:21;2.7;2.2;0.3
22:23:26;0.8;0.5;0.2
22:23:31;0.9;0.6;0.2
22:23:36;0.8;0.5;0.2
22:23:41;0.9;0.6;0.1
22:23:46;0.9;0.5;0.3
22:23:51;1.0;0.6;0.3
22:23:56;0.9;0.6;0.2
22:24:01;0.8;0.5;0.3
22:24:06;1.0;0.6;0.3
22:24:11;1.1;0.7;0.2
22:24:16;1.0;0.7;0.2
22:24:21;0.9;0.6;0.2
22:24:26;0.9;0.6;0.2
22:24:31;0.9;0.5;0.3
22:24:36;0.9;0.6;0.2
22:24:41;1.3;0.9;0.2
22:24:46;0.9;0.6;0.1
22:24:51;0.8;0.5;0.2
22:24:56;1.4;0.7;0.4
22:25:01;0.9;0.6;0.2
22:25:06;1.0;0.6;0.3
22:25:11;1.0;0.5;0.3
22:25:16;1.0;0.5;0.4
22:25:21;0.9;0.6;0.2
22:25:26;1.2;0.8;0.2
22:25:31;0.9;0.6;0.1
22:25:36;1.1;0.6;0.3
22:25:41;0.9;0.5;0.2
22:25:46;1.5;1.1;0.4
22:25:51;1.8;1.3;0.3
22:25:56;0.9;0.6;0.2
22:26:01;0.9;0.6;0.2
22:26:06;1.0;0.5;0.3
22:26:11;1.0;0.6;0.2
22:26:17;0.9;0.6;0.2
22:26:22;0.9;0.5;0.3
22:26:27;0.9;0.6;0.2
22:26:32;0.9;0.5;0.2
22:26:37;1.0;0.6;0.3
22:26:42;1.0;0.6;0.2
22:26:47;1.0;0.5;0.3
22:26:52;0.7;0.5;0.2
22:26:57;1.3;1.0;0.2
22:27:02;1.1;0.6;0.2
22:27:07;0.9;0.6;0.2
22:27:12;0.9;0.6;0.2
22:27:17;1.0;0.6;0.2
22:27:22;0.9;0.5;0.3
22:27:27;0.8;0.5;0.2
22:27:32;0.9;0.5;0.3
22:27:37;0.8;0.5;0.2
22:27:42;0.8;0.5;0.2
22:27:47;1.1;0.7;0.2
22:27:52;0.8;0.6;0.2
22:27:57;1.0;0.6;0.2
22:28:02;1.0;0.6;0.2
22:28:07;0.9;0.6;0.2
22:28:12;1.0;0.6;0.3
22:28:17;0.9;0.5;0.2
22:28:22;0.8;0.5;0.2
22:28:27;1.1;0.7;0.2
22:28:32;1.0;0.7;0.2
22:28:37;1.0;0.6;0.3
22:28:42;0.9;0.5;0.2
22:28:47;1.0;0.6;0.2
22:28:52;0.9;0.6;0.2
22:28:57;0.9;0.6;0.2
22:29:02;0.8;0.5;0.2
22:29:07;1.4;1.0;0.3
22:29:12;0.9;0.5;0.3
22:29:17;0.9;0.6;0.2
22:29:22;0.7;0.5;0.2
22:29:27;0.8;0.5;0.2
22:29:32;0.9;0.5;0.2
22:29:37;0.9;0.6;0.2
22:29:42;0.8;0.5;0.2
22:29:47;1.0;0.6;0.2
22:29:52;1.0;0.7;0.2
22:29:57;1.0;0.6;0.2
22:30:02;0.9;0.6;0.2
22:30:07;0.9;0.6;0.2
22:30:12;0.8;0.5;0.2
22:30:17;1.1;0.7;0.3
22:30:22;1.0;0.6;0.3
22:30:27;1.0;0.6;0.2
22:30:32;0.8;0.5;0.1
22:30:37;0.9;0.6;0.2
22:30:42;0.9;0.6;0.2
22:30:47;2.3;1.6;0.4
22:30:52;1.1;0.7;0.2
22:30:57;0.9;0.5;0.2
22:31:02;1.0;0.7;0.2
22:31:07;0.9;0.5;0.2
22:31:12;1.0;0.7;0.2
22:31:17;1.1;0.7;0.3
22:31:22;1.4;1.0;0.2
22:31:27;0.9;0.6;0.2
22:31:32;1.0;0.5;0.3
22:31:37;1.0;0.6;0.2
22:31:42;0.9;0.5;0.3
22:31:47;0.9;0.5;0.2
22:31:52;0.9;0.5;0.2
22:31:57;0.9;0.5;0.3
22:32:02;1.0;0.6;0.2
22:32:07;0.9;0.6;0.2
22:32:12;0.9;0.5;0.2
22:32:17;1.0;0.6;0.2
22:32:22;0.8;0.5;0.2
22:32:27;0.9;0.5;0.3
22:32:32;0.9;0.6;0.2
22:32:37;1.0;0.7;0.2
22:32:42;1.0;0.5;0.3
22:32:47;0.9;0.5;0.3
22:32:52;0.8;0.4;0.3
22:32:57;0.9;0.6;0.2
22:33:02;0.9;0.6;0.2
22:33:07;1.0;0.5;0.2
22:33:12;1.1;0.6;0.3
22:33:17;0.9;0.6;0.2
22:33:22;0.8;0.5;0.2
22:33:27;1.3;0.9;0.2
22:33:32;0.8;0.6;0.1
22:33:37;1.0;0.6;0.3
22:33:43;1.0;0.6;0.2
22:33:48;1.0;0.6;0.3
22:33:53;1.0;0.6;0.2
22:33:58;1.0;0.5;0.3
22:34:03;1.0;0.7;0.2
22:34:08;1.0;0.6;0.2
22:34:13;0.9;0.6;0.2
22:34:18;1.0;0.5;0.3
22:34:23;0.9;0.6;0.3
22:34:28;0.9;0.5;0.2
22:34:33;0.9;0.6;0.2
22:34:38;1.0;0.6;0.3
22:34:43;0.8;0.5;0.2
22:34:48;1.0;0.5;0.3
22:34:53;0.9;0.6;0.2
22:34:58;0.9;0.6;0.2
22:35:03;0.9;0.5;0.3
22:35:08;0.8;0.5;0.2
22:35:13;1.0;0.6;0.2
22:35:18;1.0;0.6;0.3
22:35:23;1.0;0.6;0.2
22:35:28;1.2;0.7;0.3
22:35:33;0.9;0.5;0.2
22:35:38;1.3;0.9;0.2
22:35:43;1.0;0.6;0.2
22:35:48;1.8;1.3;0.3
22:35:53;0.9;0.6;0.3
22:35:58;1.0;0.5;0.3
22:36:03;0.9;0.5;0.2
22:36:08;0.8;0.5;0.2
22:36:13;0.9;0.5;0.3
22:36:18;1.1;0.7;0.3
22:36:23;0.9;0.5;0.3
22:36:28;1.0;0.7;0.1
22:36:33;1.0;0.6;0.3
22:36:38;1.0;0.6;0.2
22:36:43;0.9;0.5;0.2
22:36:48;1.1;0.6;0.3
22:36:53;0.9;0.6;0.2
22:36:58;0.7;0.4;0.2
22:37:03;0.9;0.6;0.2
22:37:08;0.8;0.5;0.2
22:37:13;0.8;0.6;0.2
22:37:18;1.0;0.6;0.3
22:37:23;0.8;0.5;0.3
22:37:28;0.9;0.6;0.2
22:37:33;0.8;0.5;0.2
22:37:38;0.9;0.6;0.2
22:37:43;0.8;0.5;0.3
22:37:48;0.8;0.5;0.1
22:37:53;0.9;0.6;0.2
22:37:58;1.4;0.9;0.3
22:38:03;0.9;0.5;0.3
22:38:08;0.7;0.5;0.2
22:38:13;0.9;0.5;0.3
22:38:18;1.1;0.6;0.2
22:38:23;0.7;0.5;0.2
22:38:28;0.8;0.4;0.2
22:38:33;0.9;0.6;0.2
22:38:38;1.0;0.5;0.3
22:38:43;1.0;0.6;0.2
22:38:48;1.0;0.6;0.3
22:38:53;0.8;0.5;0.3
22:38:58;0.9;0.5;0.2
22:39:03;0.9;0.6;0.2
22:39:08;0.9;0.5;0.3
22:39:13;0.9;0.6;0.2
22:39:18;0.9;0.6;0.2
22:39:23;0.8;0.5;0.3
22:39:28;1.0;0.6;0.2
22:39:33;0.9;0.6;0.2
22:39:38;0.9;0.5;0.2
22:39:43;0.9;0.5;0.2
22:39:48;0.9;0.6;0.2
22:39:53;0.9;0.5;0.2
22:39:58;1.1;0.7;0.2
22:40:03;0.9;0.5;0.2
22:40:08;0.8;0.5;0.2
22:40:13;1.4;0.9;0.4
22:40:18;0.9;0.6;0.2
22:40:23;0.8;0.5;0.2
22:40:28;1.0;0.7;0.2
22:40:33;0.9;0.6;0.2
22:40:38;0.9;0.5;0.2
22:40:43;0.9;0.5;0.2
22:40:49;2.0;1.5;0.4
22:40:54;0.9;0.5;0.2
22:40:59;1.0;0.6;0.3
22:41:04;1.0;0.6;0.3
22:41:09;0.9;0.5;0.2
22:41:14;0.9;0.6;0.2
22:41:19;1.0;0.6;0.2
22:41:24;0.9;0.6;0.2
22:41:29;1.1;0.6;0.3
22:41:34;1.0;0.6;0.3
22:41:39;1.9;0.5;0.3
22:41:44;1.0;0.5;0.2
22:41:49;2.2;0.6;0.2
22:41:54;1.0;0.5;0.2
22:41:59;2.4;0.9;0.2
22:42:04;1.1;0.6;0.2
22:42:09;2.0;0.6;0.2
22:42:14;1.1;0.6;0.2
22:42:19;3.3;0.5;0.3
22:42:24;1.6;0.6;0.3
22:42:29;5.6;0.7;0.3
22:42:34;2.4;0.5;0.2
22:42:39;1.0;0.6;0.2
22:42:44;0.9;0.6;0.2
22:42:49;0.9;0.6;0.2
22:42:54;1.0;0.6;0.2
22:42:59;0.9;0.5;0.2
22:43:04;0.8;0.6;0.2
22:43:09;0.8;0.5;0.2
22:43:14;0.8;0.5;0.2
22:43:19;0.9;0.5;0.2
22:43:24;1.0;0.6;0.3
22:43:29;1.0;0.5;0.3
22:43:34;0.9;0.5;0.2
22:43:39;1.0;0.6;0.3
22:43:44;0.8;0.5;0.2
22:43:49;1.0;0.6;0.3
22:43:54;0.9;0.5;0.2
22:43:59;0.9;0.6;0.2
22:44:04;1.0;0.6;0.3
22:44:09;1.0;0.6;0.2
22:44:14;1.4;1.0;0.3
22:44:19;1.0;0.5;0.3
22:44:24;0.9;0.6;0.2
22:44:29;0.8;0.5;0.2
22:44:34;0.8;0.5;0.2
22:44:39;0.9;0.6;0.2
22:44:44;0.8;0.5;0.2
22:44:49;0.9;0.6;0.2
22:44:54;0.9;0.6;0.2
22:44:59;1.0;0.6;0.2
22:45:04;1.0;0.6;0.2
22:45:09;0.9;0.5;0.3
22:45:14;0.9;0.6;0.2
22:45:19;1.1;0.7;0.2
22:45:24;0.8;0.6;0.2
22:45:29;0.9;0.6;0.2
22:45:34;1.0;0.6;0.2
22:45:39;1.0;0.7;0.2
22:45:44;0.9;0.5;0.3
22:45:49;1.9;1.4;0.3
22:45:54;0.8;0.5;0.2
22:45:59;0.8;0.5;0.2
22:46:04;0.9;0.5;0.2
22:46:09;1.0;0.6;0.2
22:46:14;0.9;0.5;0.3
22:46:19;1.0;0.6;0.2
22:46:24;0.9;0.5;0.3
22:46:29;1.4;1.0;0.3
22:46:34;0.9;0.5;0.3
22:46:39;0.8;0.5;0.2
22:46:44;0.9;0.5;0.3
22:46:49;0.8;0.5;0.2
22:46:54;0.8;0.5;0.1
22:46:59;1.0;0.6;0.3
22:47:04;1.0;0.6;0.2
22:47:09;0.9;0.5;0.2
22:47:14;0.9;0.6;0.2
22:47:19;1.0;0.6;0.3
22:47:24;0.9;0.5;0.2
22:47:29;1.0;0.6;0.2
22:47:34;0.9;0.6;0.2
22:47:39;1.0;0.7;0.2
22:47:45;0.8;0.6;0.2
22:47:50;1.0;0.7;0.2
22:47:55;0.9;0.6;0.2
22:48:00;0.9;0.5;0.2
22:48:05;0.9;0.5;0.2
22:48:10;0.9;0.5;0.2
22:48:15;0.9;0.6;0.2
22:48:20;0.8;0.5;0.2
22:48:25;1.0;0.6;0.2
22:48:30;0.9;0.5;0.2
22:48:35;0.8;0.5;0.2
22:48:40;0.9;0.6;0.2
22:48:45;0.8;0.5;0.2
22:48:50;1.3;1.0;0.2
22:48:55;0.9;0.6;0.2
22:49:00;1.0;0.6;0.2
22:49:05;0.8;0.5;0.2
22:49:10;1.0;0.6;0.2
22:49:15;0.9;0.6;0.3
22:49:20;0.9;0.6;0.2
22:49:25;1.0;0.6;0.2
22:49:30;0.8;0.5;0.2
22:49:35;1.0;0.6;0.3
22:49:40;0.9;0.5;0.3
22:49:45;0.9;0.5;0.3
22:49:50;0.8;0.5;0.1
22:49:55;1.0;0.6;0.2
22:50:00;0.7;0.4;0.2
22:50:05;0.9;0.6;0.2
22:50:10;0.9;0.6;0.2
22:50:15;0.9;0.5;0.2
22:50:20;1.1;0.7;0.2
22:50:25;1.0;0.7;0.1
22:50:30;1.0;0.6;0.3
22:50:35;0.9;0.6;0.2
22:50:40;0.9;0.6;0.1
22:50:45;1.1;0.7;0.3
22:50:50;2.4;1.9;0.3
22:50:55;1.0;0.5;0.3
22:51:00;1.3;1.0;0.3
22:51:05;0.8;0.5;0.2
22:51:10;1.0;0.6;0.2
22:51:15;1.0;0.7;0.1
22:51:20;0.9;0.6;0.2
22:51:25;1.0;0.6;0.2
22:51:30;1.0;0.6;0.3
22:51:35;0.9;0.6;0.2
22:51:40;1.0;0.6;0.2
22:51:45;0.8;0.6;0.2
22:51:50;0.9;0.6;0.2
22:51:55;0.9;0.5;0.2
22:52:00;1.0;0.6;0.3
22:52:05;0.9;0.5;0.3
22:52:10;0.8;0.5;0.2
22:52:15;0.8;0.6;0.2
22:52:20;1.0;0.6;0.2
22:52:25;1.0;0.6;0.3
22:52:30;0.9;0.5;0.2
22:52:35;0.9;0.5;0.2
22:52:40;0.9;0.5;0.2
22:52:45;0.9;0.5;0.3
22:52:50;0.9;0.5;0.3
22:52:55;0.9;0.6;0.1
22:53:00;1.8;1.3;0.3
22:53:05;1.7;1.3;0.3
22:53:10;1.1;0.6;0.2
22:53:15;1.4;1.0;0.3
22:53:20;0.8;0.5;0.2
22:53:25;0.8;0.6;0.2
22:53:30;1.0;0.6;0.3
22:53:35;0.9;0.6;0.2
22:53:40;0.9;0.5;0.3
22:53:45;0.8;0.5;0.2
22:53:50;0.8;0.5;0.2
22:53:55;0.8;0.5;0.2
22:54:00;0.9;0.5;0.2
22:54:05;1.2;0.8;0.2
22:54:10;1.0;0.6;0.2
22:54:15;0.9;0.6;0.2
22:54:20;0.8;0.5;0.2
22:54:25;1.0;0.6;0.3
22:54:30;1.0;0.6;0.2
22:54:35;0.9;0.6;0.2
22:54:40;0.9;0.6;0.2
22:54:45;0.8;0.5;0.2
22:54:50;0.9;0.5;0.2
22:54:56;0.9;0.6;0.2
22:55:01;0.9;0.5;0.2
22:55:06;0.8;0.5;0.2
22:55:11;0.9;0.6;0.3
22:55:16;0.8;0.5;0.2
22:55:21;1.0;0.6;0.2
22:55:26;0.9;0.5;0.2
22:55:31;0.9;0.5;0.2
22:55:36;1.3;1.0;0.2
22:55:41;1.0;0.6;0.2
22:55:46;0.8;0.6;0.2
22:55:51;1.8;1.3;0.4
22:55:56;0.9;0.6;0.2
22:56:01;1.1;0.6;0.3
22:56:06;0.9;0.6;0.2
22:56:11;0.9;0.5;0.3
22:56:16;0.9;0.6;0.3
22:56:21;0.9;0.6;0.1
22:56:26;1.0;0.5;0.2
22:56:31;0.8;0.5;0.2
22:56:36;0.9;0.6;0.3
22:56:41;1.0;0.6;0.2
22:56:46;0.9;0.6;0.2
22:56:51;0.9;0.5;0.3
22:56:56;0.8;0.5;0.2
22:57:01;0.9;0.6;0.2
22:57:06;0.9;0.5;0.3
22:57:11;0.9;0.6;0.2
22:57:16;0.9;0.6;0.2
22:57:21;1.0;0.7;0.2
22:57:26;1.0;0.6;0.2
22:57:31;0.9;0.5;0.2
22:57:36;0.9;0.5;0.2
22:57:41;0.9;0.5;0.2
22:57:46;0.8;0.5;0.2
22:57:51;1.4;1.1;0.3
22:57:56;0.9;0.6;0.2
22:58:01;0.9;0.5;0.2
22:58:06;0.8;0.4;0.2
22:58:11;1.0;0.5;0.2
22:58:16;0.9;0.5;0.3
22:58:21;0.9;0.6;0.2
22:58:26;1.0;0.6;0.2
22:58:31;1.1;0.6;0.3
22:58:36;0.9;0.6;0.2
22:58:41;1.0;0.6;0.2
22:58:46;1.0;0.6;0.3
22:58:51;0.9;0.5;0.2
22:58:56;0.9;0.5;0.3
22:59:01;0.9;0.5;0.2
22:59:06;1.0;0.6;0.2
22:59:11;1.0;0.5;0.2
22:59:16;0.9;0.6;0.2
22:59:21;0.9;0.6;0.1
22:59:26;0.9;0.6;0.2
22:59:31;0.9;0.6;0.2
22:59:36;0.9;0.6;0.2
22:59:41;0.9;0.6;0.2
22:59:46;0.8;0.4;0.2
22:59:51;1.0;0.6;0.3
22:59:56;0.9;0.6;0.2
23:00:01;0.9;0.6;0.2
23:00:06;1.4;1.1;0.2
23:00:11;1.1;0.6;0.3
23:00:16;0.8;0.5;0.2
23:00:21;0.9;0.6;0.2
23:00:26;1.0;0.6;0.3
23:00:31;1.0;0.6;0.2
23:00:36;0.8;0.5;0.2
23:00:41;0.8;0.5;0.2
23:00:46;0.8;0.5;0.2
23:00:51;2.3;1.7;0.4
23:00:56;0.9;0.6;0.1
23:01:01;1.0;0.6;0.2
23:01:06;0.9;0.6;0.2
23:01:11;0.9;0.6;0.2
23:01:16;1.0;0.5;0.3
23:01:21;0.9;0.5;0.3
23:01:26;0.9;0.6;0.2
23:01:31;0.9;0.6;0.2
23:01:36;0.9;0.6;0.2
23:01:41;0.9;0.6;0.2
23:01:46;0.9;0.6;0.2
23:01:52;1.0;0.5;0.3
23:01:57;0.9;0.6;0.3
23:02:02;0.9;0.5;0.2
23:02:07;0.9;0.7;0.2
23:02:12;0.8;0.5;0.2
23:02:17;0.9;0.6;0.2
23:02:22;1.3;0.9;0.3
23:02:27;0.7;0.5;0.2
23:02:32;1.0;0.6;0.2
23:02:37;0.8;0.5;0.2
23:02:42;0.9;0.5;0.2
23:02:47;0.8;0.4;0.3
23:02:52;1.0;0.6;0.2
23:02:57;0.9;0.6;0.2
23:03:02;1.0;0.6;0.3
23:03:07;0.8;0.5;0.1
23:03:12;0.9;0.6;0.2
23:03:17;0.8;0.5;0.2
23:03:22;1.0;0.6;0.3
23:03:27;1.0;0.6;0.2
23:03:32;1.0;0.6;0.3
23:03:37;0.9;0.5;0.2
23:03:42;0.8;0.6;0.1
23:03:47;1.0;0.6;0.3
23:03:52;1.0;0.6;0.2
23:03:57;1.0;0.6;0.3
23:04:02;0.8;0.5;0.2
23:04:07;0.9;0.5;0.2
23:04:12;0.8;0.6;0.2
23:04:17;1.0;0.6;0.3
23:04:22;0.9;0.6;0.2
23:04:27;0.9;0.5;0.2
23:04:32;1.4;0.9;0.3
23:04:37;0.9;0.6;0.2
23:04:42;1.0;0.6;0.2
23:04:47;0.9;0.6;0.2
23:04:52;0.9;0.6;0.2
23:04:57;0.8;0.5;0.2
23:05:02;0.9;0.5;0.2
23:05:07;0.8;0.5;0.2
23:05:12;0.9;0.6;0.2
23:05:17;0.9;0.6;0.2
23:05:22;0.9;0.5;0.2
23:05:27;1.0;0.7;0.2
23:05:32;0.8;0.4;0.2
23:05:37;0.8;0.5;0.2
23:05:42;1.0;0.7;0.2
23:05:47;1.1;0.7;0.2
23:05:52;1.4;1.0;0.2
23:05:57;1.2;0.7;0.3
23:06:02;1.0;0.7;0.2
23:06:07;1.0;0.6;0.3
23:06:12;1.0;0.6;0.2
23:06:17;0.9;0.5;0.2
23:06:22;0.9;0.5;0.2
23:06:27;0.8;0.5;0.2
23:06:32;0.8;0.5;0.2
23:06:37;0.8;0.5;0.3
23:06:42;1.0;0.6;0.3
23:06:47;1.5;1.0;0.3
23:06:52;0.9;0.5;0.3
23:06:57;0.9;0.5;0.3
23:07:02;1.0;0.6;0.2
23:07:07;0.9;0.7;0.2
23:07:12;1.0;0.5;0.3
23:07:17;1.0;0.6;0.3
23:07:22;0.8;0.5;0.2
23:07:27;0.9;0.5;0.2
23:07:32;0.9;0.6;0.2
23:07:37;1.0;0.7;0.2
23:07:42;0.9;0.5;0.3
23:07:47;0.8;0.5;0.2
23:07:52;1.0;0.6;0.3
23:07:57;0.8;0.5;0.2
23:08:02;1.0;0.6;0.3
23:08:07;1.0;0.6;0.2
23:08:12;1.1;0.6;0.2
23:08:17;0.8;0.5;0.3
23:08:22;0.9;0.6;0.2
23:08:27;0.9;0.5;0.2
23:08:32;1.0;0.6;0.3
23:08:37;0.9;0.5;0.2
23:08:42;1.0;0.6;0.2
23:08:47;0.8;0.5;0.2
23:08:52;0.8;0.5;0.2
23:08:58;0.9;0.6;0.2
23:09:03;1.4;1.0;0.3
23:09:08;0.9;0.5;0.3
23:09:13;0.9;0.5;0.2
23:09:18;0.9;0.6;0.3
23:09:23;1.0;0.7;0.2
23:09:28;0.9;0.6;0.3
23:09:33;0.9;0.6;0.2
23:09:38;0.8;0.5;0.2
23:09:43;1.0;0.6;0.2
23:09:48;0.9;0.6;0.3
23:09:53;0.8;0.5;0.2
23:09:58;0.9;0.5;0.3
23:10:03;1.0;0.5;0.2
23:10:08;0.9;0.5;0.2
23:10:13;0.9;0.5;0.3
23:10:18;1.1;0.7;0.3
23:10:23;1.0;0.6;0.3
23:10:28;0.9;0.5;0.2
23:10:33;0.9;0.6;0.2
23:10:38;0.9;0.6;0.2
23:10:43;0.9;0.5;0.2
23:10:48;1.7;1.3;0.3
23:10:53;1.6;1.2;0.3
23:10:58;0.9;0.6;0.2
23:11:03;1.0;0.7;0.2
23:11:08;0.9;0.5;0.3
23:11:13;1.0;0.6;0.3
23:11:18;1.5;1.1;0.3
23:11:23;0.9;0.5;0.2
23:11:28;0.9;0.6;0.3
23:11:33;0.8;0.5;0.2
23:11:38;0.9;0.6;0.1
23:11:43;1.0;0.5;0.3
23:11:48;0.9;0.5;0.2
23:11:53;0.9;0.6;0.2
23:11:58;0.9;0.6;0.3
23:12:03;0.9;0.6;0.2
23:12:08;0.9;0.5;0.2
23:12:13;0.9;0.6;0.2
23:12:18;0.9;0.6;0.2
23:12:23;0.7;0.4;0.2
23:12:28;0.9;0.6;0.2
23:12:33;1.0;0.6;0.3
23:12:38;0.9;0.5;0.2
23:12:43;0.9;0.5;0.3
23:12:48;1.0;0.6;0.3
23:12:53;0.9;0.5;0.2
23:12:58;0.9;0.6;0.1
23:13:03;0.9;0.5;0.3
23:13:08;0.7;0.5;0.2
23:13:13;0.9;0.5;0.3
23:13:18;0.9;0.5;0.3
23:13:23;0.9;0.5;0.3
23:13:28;1.0;0.6;0.3
23:13:33;1.4;1.0;0.3
23:13:38;0.9;0.6;0.2
23:13:43;1.0;0.6;0.2
23:13:48;0.9;0.6;0.3
23:13:53;0.8;0.5;0.2
23:13:58;0.8;0.5;0.2
23:14:03;0.9;0.5;0.2
23:14:08;1.1;0.6;0.2
23:14:13;0.9;0.6;0.2
23:14:18;1.0;0.6;0.3
23:14:23;0.9;0.6;0.2
23:14:28;0.8;0.5;0.2
23:14:33;0.9;0.5;0.3
23:14:38;0.9;0.6;0.2
23:14:43;1.0;0.6;0.3
23:14:48;0.9;0.6;0.2
23:14:53;0.8;0.6;0.1
23:14:58;1.0;0.6;0.3
23:15:03;0.8;0.5;0.2
23:15:08;1.0;0.6;0.3
23:15:13;0.8;0.5;0.2
23:15:18;0.9;0.6;0.2
23:15:23;1.0;0.6;0.2
23:15:28;1.0;0.6;0.2
23:15:33;1.0;0.6;0.3
23:15:38;0.9;0.6;0.3
23:15:43;0.9;0.6;0.1
23:15:48;1.6;1.3;0.2
23:15:53;1.5;1.0;0.3
23:15:58;0.8;0.5;0.1
23:16:03;0.9;0.5;0.3
23:16:08;0.8;0.5;0.2
23:16:13;1.0;0.6;0.2
23:16:18;1.0;0.6;0.3
23:16:24;0.9;0.6;0.2
23:16:29;0.9;0.6;0.2
23:16:34;0.8;0.5;0.2
23:16:39;0.8;0.5;0.2
23:16:44;0.8;0.5;0.1
23:16:49;0.9;0.6;0.2
23:16:54;0.9;0.6;0.2
23:16:59;1.0;0.6;0.3
23:17:04;1.2;0.7;0.3
23:17:09;0.9;0.5;0.3
23:17:14;0.9;0.6;0.2
23:17:19;0.8;0.5;0.2
23:17:24;1.0;0.6;0.3
23:17:29;0.8;0.6;0.2
23:17:34;1.0;0.6;0.2
23:17:39;1.0;0.5;0.3
23:17:44;0.9;0.6;0.2
23:17:49;0.8;0.5;0.2
23:17:54;1.0;0.5;0.3
23:17:59;0.8;0.5;0.1
23:18:04;1.1;0.7;0.2
23:18:09;1.4;1.1;0.2
23:18:14;1.0;0.6;0.2
23:18:19;0.8;0.5;0.2
23:18:24;1.0;0.6;0.2
23:18:29;0.8;0.5;0.2
23:18:34;1.0;0.6;0.2
23:18:39;0.9;0.5;0.2
23:18:44;0.9;0.6;0.2
23:18:49;0.8;0.5;0.2
23:18:54;1.1;0.7;0.2
23:18:59;0.8;0.5;0.2
23:19:04;0.9;0.6;0.2
23:19:09;0.9;0.5;0.2
23:19:14;1.0;0.6;0.3
23:19:19;0.9;0.5;0.3
23:19:24;1.0;0.6;0.3
23:19:29;0.8;0.5;0.2
23:19:34;0.9;0.6;0.2
23:19:39;0.9;0.5;0.3
23:19:44;1.0;0.6;0.2
23:19:49;1.0;0.5;0.3
23:19:54;0.8;0.5;0.2
23:19:59;0.9;0.6;0.2
23:20:04;0.9;0.5;0.3
23:20:09;1.1;0.7;0.3
23:20:14;1.0;0.6;0.2
23:20:19;1.1;0.6;0.4
23:20:24;1.4;1.0;0.2
23:20:29;1.1;0.6;0.3
23:20:34;0.9;0.5;0.3
23:20:39;0.6;0.3;0.2
23:20:44;0.7;0.3;0.2
23:20:49;1.6;1.1;0.3
23:20:54;1.5;1.0;0.3
23:20:59;0.8;0.4;0.2
23:21:04;0.8;0.5;0.2
23:21:09;0.7;0.4;0.2
23:21:14;0.8;0.3;0.3
23:21:19;0.8;0.4;0.2
23:21:24;0.7;0.3;0.2
23:21:29;0.8;0.4;0.3
23:21:34;0.8;0.3;0.3
23:21:39;0.7;0.4;0.2
23:21:44;0.7;0.4;0.2
23:21:49;0.7;0.4;0.2
23:21:54;0.7;0.4;0.2
23:21:59;0.8;0.4;0.3
23:22:04;0.8;0.3;0.2
23:22:09;0.6;0.3;0.2
23:22:14;0.7;0.3;0.2
23:22:19;0.8;0.4;0.2
23:22:24;0.7;0.3;0.2
23:22:29;0.7;0.4;0.2
23:22:34;0.8;0.4;0.2
23:22:39;0.8;0.3;0.3
23:22:44;2.4;1.9;0.3
23:22:49;0.6;0.2;0.2
23:22:54;0.7;0.4;0.2
23:22:59;0.7;0.4;0.3
23:23:04;0.7;0.3;0.2
23:23:09;0.8;0.4;0.2
23:23:14;0.8;0.4;0.2
23:23:19;0.8;0.4;0.3
23:23:24;0.7;0.3;0.2
23:23:29;0.6;0.3;0.2
23:23:34;0.7;0.4;0.3
23:23:40;0.7;0.4;0.2
23:23:45;0.8;0.4;0.3
23:23:50;0.8;0.4;0.3
23:23:55;0.7;0.4;0.2
23:24:00;0.6;0.4;0.2
23:24:05;0.7;0.3;0.3
23:24:10;0.7;0.4;0.2
23:24:15;0.6;0.2;0.2
23:24:20;0.8;0.4;0.3
23:24:25;0.6;0.3;0.1
23:24:30;0.6;0.3;0.2
23:24:35;0.7;0.4;0.2
23:24:40;0.6;0.3;0.2
23:24:45;0.7;0.3;0.2
23:24:50;0.8;0.4;0.2
23:24:55;0.8;0.4;0.3
23:25:00;0.7;0.3;0.2
23:25:05;0.8;0.5;0.2
23:25:10;0.8;0.3;0.2
23:25:15;0.7;0.4;0.2
23:25:20;0.8;0.5;0.2
23:25:25;0.7;0.4;0.2
23:25:30;0.6;0.3;0.2
23:25:35;0.7;0.3;0.3
23:25:40;0.7;0.3;0.2
23:25:45;0.6;0.3;0.2
23:25:50;1.2;0.8;0.3
23:25:55;1.1;0.7;0.2
23:26:00;0.7;0.4;0.3
23:26:05;0.7;0.4;0.2
23:26:10;0.6;0.3;0.2
23:26:15;0.8;0.3;0.2
23:26:20;0.5;0.2;0.2
23:26:25;0.6;0.3;0.2
23:26:30;0.5;0.2;0.2
23:26:35;0.7;0.4;0.2
23:26:40;0.8;0.5;0.2
23:26:45;0.7;0.3;0.3
23:26:50;0.6;0.3;0.2
23:26:55;0.7;0.3;0.2
23:27:00;0.7;0.4;0.3
23:27:05;0.6;0.3;0.2
23:27:10;0.7;0.3;0.2
23:27:15;0.6;0.4;0.1
23:27:20;0.7;0.3;0.3
23:27:25;0.6;0.3;0.2
23:27:30;0.7;0.4;0.2
23:27:35;0.7;0.3;0.3
23:27:40;0.7;0.4;0.2
23:27:45;0.8;0.4;0.2
23:27:50;0.8;0.4;0.3
23:27:55;0.7;0.3;0.2
23:28:00;0.7;0.4;0.2
23:28:05;0.8;0.4;0.3
23:28:10;0.7;0.4;0.2
23:28:15;0.7;0.3;0.3
23:28:20;0.7;0.4;0.1
23:28:25;0.7;0.4;0.2
23:28:30;0.7;0.3;0.3
23:28:35;0.8;0.4;0.2
23:28:40;0.8;0.4;0.2
23:28:45;0.7;0.4;0.2
23:28:50;0.6;0.3;0.2
23:28:55;0.8;0.3;0.2
23:29:00;0.7;0.3;0.3
23:29:05;0.8;0.3;0.3
23:29:10;0.7;0.4;0.1
23:29:15;0.7;0.3;0.2
23:29:20;0.6;0.4;0.1
23:29:25;0.7;0.4;0.2
23:29:30;0.8;0.4;0.3
23:29:35;0.6;0.2;0.3
23:29:40;0.6;0.3;0.2
23:29:45;0.9;0.5;0.3
23:29:50;0.7;0.4;0.2
23:29:55;0.7;0.3;0.2
23:30:00;0.7;0.4;0.3
23:30:05;0.8;0.3;0.3
23:30:10;0.8;0.4;0.2
23:30:15;0.8;0.4;0.2
23:30:20;0.8;0.5;0.2
23:30:25;0.8;0.4;0.3
23:30:30;0.7;0.3;0.2
23:30:36;0.6;0.3;0.2
23:30:41;0.7;0.3;0.2
23:30:46;0.7;0.3;0.2
23:30:51;1.9;1.3;0.4
23:30:56;0.7;0.4;0.2
23:31:01;0.8;0.4;0.2
23:31:06;0.7;0.3;0.2
23:31:11;0.7;0.4;0.2
23:31:16;0.7;0.3;0.2
23:31:21;0.7;0.3;0.2
23:31:26;0.7;0.3;0.3
23:31:31;0.5;0.2;0.2
23:31:36;0.8;0.4;0.2
23:31:41;0.7;0.3;0.3
23:31:46;0.8;0.4;0.3
23:31:51;0.8;0.4;0.2
23:31:56;0.7;0.4;0.3
23:32:01;0.7;0.3;0.3
23:32:06;0.8;0.4;0.3
23:32:11;0.7;0.3;0.3
23:32:16;0.6;0.3;0.2
23:32:21;0.8;0.5;0.2
23:32:26;0.6;0.2;0.3
23:32:31;0.7;0.3;0.2
23:32:36;0.6;0.3;0.2
23:32:41;0.8;0.4;0.3
23:32:46;0.7;0.4;0.2
23:32:51;0.6;0.3;0.2
23:32:56;0.7;0.3;0.3
23:33:01;0.6;0.3;0.2
23:33:06;0.7;0.3;0.2
23:33:11;0.7;0.3;0.2
23:33:16;0.7;0.4;0.2
23:33:21;0.6;0.3;0.2
23:33:26;0.7;0.4;0.2
23:33:31;0.7;0.3;0.3
23:33:36;0.7;0.4;0.2
23:33:41;0.8;0.4;0.2
23:33:46;0.7;0.4;0.1
23:33:51;0.7;0.3;0.3
23:33:56;0.7;0.3;0.2
23:34:01;0.7;0.4;0.1
23:34:06;0.6;0.3;0.2
23:34:11;0.7;0.4;0.2
23:34:16;0.8;0.4;0.2
23:34:21;0.7;0.4;0.2
23:34:26;0.7;0.3;0.2
23:34:31;0.6;0.3;0.2
23:34:36;0.7;0.3;0.2
23:34:41;0.8;0.5;0.2
23:34:46;0.8;0.5;0.2
23:34:51;0.7;0.3;0.2
23:34:56;0.7;0.3;0.2
23:35:01;0.8;0.4;0.3
23:35:06;0.7;0.4;0.2
23:35:11;0.7;0.4;0.2
23:35:16;0.7;0.4;0.2
23:35:21;0.6;0.3;0.2
23:35:26;0.7;0.4;0.2
23:35:31;0.7;0.3;0.3
23:35:36;0.8;0.3;0.3
23:35:41;0.7;0.3;0.2
23:35:46;0.8;0.4;0.2
23:35:51;1.5;1.1;0.2
23:35:56;0.6;0.3;0.2
23:36:01;0.7;0.4;0.2
23:36:06;0.8;0.4;0.3
23:36:11;0.7;0.4;0.2
23:36:16;0.8;0.4;0.2
23:36:21;0.7;0.4;0.2
23:36:26;0.9;0.4;0.3
23:36:31;0.6;0.3;0.2
23:36:36;0.7;0.3;0.3
23:36:41;0.8;0.5;0.2
23:36:46;0.7;0.3;0.3
23:36:51;0.8;0.4;0.3
23:36:56;0.7;0.2;0.3
23:37:01;0.7;0.4;0.2
23:37:06;0.7;0.4;0.2
23:37:11;0.6;0.3;0.2
23:37:16;0.8;0.4;0.2
23:37:21;0.7;0.4;0.1
23:37:26;0.8;0.4;0.3
23:37:31;0.7;0.4;0.2
23:37:36;0.8;0.4;0.3
23:37:41;0.8;0.4;0.3
23:37:46;0.8;0.4;0.3
23:37:51;0.8;0.5;0.2
23:37:57;0.8;0.4;0.2
23:38:02;0.8;0.4;0.2
23:38:07;0.6;0.3;0.2
23:38:12;0.7;0.3;0.3
23:38:17;0.8;0.4;0.2
23:38:22;0.6;0.4;0.1
23:38:27;0.7;0.3;0.3
23:38:32;0.6;0.3;0.2
23:38:37;0.7;0.4;0.2
23:38:42;0.7;0.3;0.2
23:38:47;0.9;0.4;0.3
23:38:52;0.8;0.4;0.3
23:38:57;0.6;0.2;0.2
23:39:02;0.7;0.4;0.2
23:39:07;0.6;0.3;0.2
23:39:12;0.9;0.4;0.3
23:39:17;0.8;0.3;0.3
23:39:22;0.7;0.4;0.2
23:39:27;0.7;0.4;0.2
23:39:32;0.8;0.4;0.2
23:39:37;0.7;0.3;0.3
23:39:42;0.6;0.3;0.2
23:39:47;0.9;0.5;0.3
23:39:52;0.7;0.4;0.2
23:39:57;0.6;0.3;0.1
23:40:02;0.8;0.4;0.2
23:40:07;0.8;0.4;0.3
23:40:12;0.6;0.3;0.2
23:40:17;0.9;0.4;0.3
23:40:22;0.9;0.4;0.4
23:40:27;0.7;0.3;0.2
23:40:32;0.7;0.4;0.3
23:40:37;0.7;0.3;0.3
23:40:42;0.7;0.3;0.2
23:40:47;0.7;0.3;0.3
23:40:52;2.2;1.6;0.5
23:40:57;0.8;0.4;0.2
23:41:02;0.6;0.2;0.3
23:41:07;0.7;0.3;0.2
23:41:12;0.8;0.4;0.2
23:41:17;0.8;0.4;0.3
23:41:22;0.7;0.3;0.2
23:41:27;0.7;0.4;0.2
23:41:32;0.7;0.4;0.2
23:41:37;0.7;0.3;0.3
23:41:42;0.6;0.4;0.2
23:41:47;0.8;0.4;0.2
23:41:52;0.7;0.4;0.2
23:41:57;0.8;0.4;0.2
23:42:02;0.7;0.3;0.3
23:42:07;0.8;0.4;0.2
23:42:12;0.6;0.3;0.2
23:42:17;0.7;0.4;0.2
23:42:22;0.7;0.3;0.3
23:42:27;0.7;0.4;0.2
23:42:32;0.7;0.3;0.2
23:42:37;0.7;0.4;0.2
23:42:42;0.7;0.4;0.2
23:42:47;0.7;0.4;0.2
23:42:52;0.7;0.4;0.2
23:42:57;0.7;0.3;0.3
23:43:02;0.6;0.2;0.2
23:43:07;0.8;0.4;0.2
23:43:12;0.7;0.4;0.2
23:43:17;0.8;0.4;0.3
23:43:22;0.8;0.4;0.3
23:43:27;0.7;0.4;0.3
23:43:32;0.6;0.3;0.2
23:43:37;0.7;0.4;0.2
23:43:42;0.8;0.3;0.3
23:43:47;0.8;0.4;0.3
23:43:52;0.8;0.3;0.3
23:43:57;0.5;0.2;0.2
23:44:02;0.6;0.3;0.2
23:44:07;0.7;0.3;0.2
23:44:12;0.7;0.3;0.2
23:44:17;0.7;0.3;0.2
23:44:22;0.7;0.4;0.2
23:44:27;0.7;0.4;0.2
23:44:32;0.6;0.4;0.1
23:44:37;0.8;0.3;0.3
23:44:42;0.6;0.3;0.2
23:44:47;0.8;0.4;0.3
23:44:52;0.7;0.4;0.2
23:44:57;0.9;0.5;0.3
23:45:02;0.8;0.4;0.2
23:45:07;0.9;0.5;0.3
23:45:13;0.6;0.3;0.2
23:45:18;0.7;0.4;0.2
23:45:23;0.6;0.3;0.2
23:45:28;0.8;0.4;0.2
23:45:33;0.8;0.4;0.2
23:45:38;0.8;0.5;0.3
23:45:43;0.7;0.4;0.2
23:45:48;1.0;0.5;0.2
23:45:53;1.6;1.1;0.4
23:45:58;0.9;0.5;0.2
23:46:03;0.7;0.3;0.2
23:46:08;0.6;0.3;0.2
23:46:13;0.8;0.4;0.3
23:46:18;0.8;0.4;0.2
23:46:23;0.8;0.4;0.3
23:46:28;0.7;0.3;0.2
23:46:33;0.6;0.3;0.2
23:46:38;0.7;0.4;0.2
23:46:43;0.8;0.4;0.3
23:46:48;0.7;0.3;0.2
23:46:53;0.7;0.4;0.2
23:46:58;0.8;0.3;0.3
23:47:03;0.6;0.3;0.1
23:47:08;0.7;0.3;0.2
23:47:13;0.7;0.3;0.2
23:47:18;0.8;0.4;0.3
23:47:23;0.6;0.3;0.2
23:47:28;0.6;0.3;0.2
23:47:33;0.6;0.3;0.2
23:47:38;0.7;0.3;0.3
23:47:43;0.7;0.3;0.3
23:47:48;0.8;0.4;0.3
23:47:53;0.7;0.4;0.2
23:47:58;0.7;0.3;0.2
23:48:03;0.6;0.3;0.2
23:48:08;0.7;0.4;0.2
23:48:13;0.7;0.4;0.2
23:48:18;0.7;0.3;0.2
23:48:23;0.7;0.4;0.2
23:48:28;0.6;0.3;0.2
23:48:33;0.7;0.3;0.3
23:48:38;0.6;0.4;0.2
23:48:43;0.8;0.4;0.3
23:48:48;0.7;0.4;0.2
23:48:53;0.7;0.3;0.2
23:48:58;0.7;0.3;0.3
23:49:03;0.7;0.3;0.2
23:49:08;0.7;0.4;0.2
23:49:13;0.7;0.4;0.2
23:49:18;0.7;0.3;0.2
23:49:23;0.7;0.3;0.3
23:49:28;0.7;0.4;0.2
23:49:33;0.7;0.4;0.2
23:49:38;0.7;0.3;0.3
23:49:43;0.6;0.4;0.1
23:49:48;0.8;0.4;0.2
23:49:53;0.6;0.3;0.2
23:49:58;0.8;0.4;0.2
23:50:03;0.5;0.2;0.2
23:50:08;0.8;0.5;0.2
23:50:13;0.8;0.4;0.2
23:50:18;0.7;0.4;0.3
23:50:23;0.7;0.4;0.2
23:50:28;0.6;0.3;0.2
23:50:33;0.7;0.4;0.2
23:50:38;0.7;0.4;0.2
23:50:43;0.8;0.4;0.3
23:50:48;1.6;1.0;0.4
23:50:53;1.5;1.0;0.3
23:50:58;0.6;0.2;0.3
23:51:03;0.8;0.4;0.3
23:51:08;0.7;0.4;0.1
23:51:13;0.6;0.3;0.1
23:51:18;0.7;0.3;0.2
23:51:23;0.7;0.4;0.2
23:51:28;0.7;0.4;0.2
23:51:33;0.8;0.3;0.3
23:51:38;0.7;0.4;0.2
23:51:43;0.7;0.4;0.2
23:51:48;0.7;0.3;0.3
23:51:53;0.7;0.4;0.2
23:51:58;0.8;0.4;0.3
23:52:03;0.7;0.3;0.2
23:52:09;0.8;0.4;0.2
23:52:14;0.8;0.5;0.2
23:52:19;0.8;0.4;0.2
23:52:24;0.7;0.3;0.2
23:52:29;0.7;0.3;0.3
23:52:34;0.6;0.3;0.1
23:52:39;0.7;0.3;0.3
23:52:44;0.7;0.3;0.3
23:52:49;0.7;0.3;0.2
23:52:54;0.6;0.3;0.2
23:52:59;0.7;0.4;0.2
23:53:04;2.5;1.9;0.4
23:53:09;0.8;0.4;0.3
23:53:14;0.8;0.3;0.3
23:53:19;0.8;0.4;0.2
23:53:24;0.7;0.4;0.2
23:53:29;0.8;0.3;0.3
23:53:34;0.7;0.4;0.2
23:53:39;0.8;0.3;0.3
23:53:44;0.7;0.3;0.3
23:53:49;0.7;0.3;0.2
23:53:54;0.5;0.3;0.1
23:53:59;0.7;0.4;0.2
23:54:04;1.3;0.9;0.2
23:54:09;0.9;0.4;0.3
23:54:14;0.6;0.3;0.2
23:54:19;0.6;0.3;0.2
23:54:24;0.7;0.4;0.2
23:54:29;0.7;0.4;0.2
23:54:34;0.7;0.4;0.2
23:54:39;0.7;0.3;0.2
23:54:44;0.7;0.3;0.3
23:54:49;0.7;0.4;0.3
23:54:54;0.7;0.3;0.2
23:54:59;0.6;0.3;0.2
23:55:04;0.6;0.3;0.2
23:55:09;0.7;0.3;0.3
23:55:14;0.6;0.3;0.2
23:55:19;0.8;0.4;0.2
23:55:24;0.8;0.3;0.3
23:55:29;0.8;0.4;0.3
23:55:34;0.7;0.4;0.1
23:55:39;0.7;0.4;0.2
23:55:44;0.7;0.4;0.3
23:55:49;1.1;0.6;0.3
23:55:54;1.4;1.0;0.3
23:55:59;0.7;0.3;0.3
23:56:04;0.8;0.3;0.3
23:56:09;0.7;0.4;0.2
23:56:14;0.7;0.4;0.2
23:56:19;0.8;0.4;0.2
23:56:24;0.7;0.4;0.2
23:56:29;0.7;0.3;0.2
23:56:34;0.8;0.4;0.2
23:56:39;0.7;0.4;0.2
23:56:44;0.7;0.4;0.2
23:56:49;0.7;0.3;0.3
23:56:54;1.6;0.9;0.6
23:56:59;1.2;0.6;0.4
23:57:04;1.1;0.7;0.3
23:57:09;1.4;0.7;0.5
23:57:14;1.3;0.7;0.4
23:57:19;1.4;0.7;0.6
23:57:24;1.4;0.8;0.5
23:57:29;1.4;0.8;0.5
23:57:34;1.3;0.7;0.5
23:57:39;1.3;0.7;0.4
23:57:44;1.2;0.6;0.4
23:57:49;1.3;0.6;0.6
23:57:54;1.3;0.7;0.5
23:57:59;1.2;0.7;0.4
23:58:04;1.2;0.7;0.3
23:58:09;1.4;0.7;0.5
23:58:14;1.2;0.8;0.4
23:58:19;1.2;0.5;0.4
23:58:24;1.0;0.5;0.4
23:58:29;1.3;0.7;0.4
23:58:34;1.2;0.6;0.4
23:58:39;1.2;0.6;0.5
23:58:44;1.2;0.6;0.4
23:58:49;1.3;0.7;0.5
23:58:54;1.2;0.6;0.4
23:58:59;1.2;0.6;0.4
23:59:04;1.4;0.8;0.4
23:59:09;1.3;0.7;0.4
23:59:14;1.1;0.6;0.4
23:59:19;1.3;0.7;0.4
23:59:25;1.4;0.7;0.6
23:59:30;1.5;0.9;0.5
23:59:35;1.4;0.7;0.6
23:59:40;1.4;0.8;0.4
23:59:45;1.2;0.6;0.4
23:59:50;1.3;0.7;0.5
23:59:55;1.2;0.6;0.4
00:00:00;1.4;0.7;0.5
00:00:05;1.7;0.7;0.7
00:00:10;1.3;0.7;0.5
00:00:15;1.2;0.6;0.4
00:00:20;1.3;0.7;0.4
00:00:25;1.1;0.6;0.4
00:00:30;1.3;0.7;0.4
00:00:35;1.1;0.5;0.5
00:00:40;1.1;0.6;0.4
00:00:45;1.3;0.7;0.4
00:00:50;2.1;1.3;0.6
00:00:55;1.8;1.1;0.6
00:01:00;1.4;0.8;0.5
00:01:05;1.4;0.8;0.5
00:01:10;1.3;0.6;0.5
00:01:15;1.2;0.7;0.4
00:01:20;1.3;0.7;0.4
00:01:25;1.3;0.6;0.5
00:01:30;1.2;0.7;0.4
00:01:35;1.2;0.6;0.4
00:01:40;1.6;0.9;0.5
00:01:45;1.1;0.6;0.4
00:01:50;1.4;0.8;0.4
00:01:55;1.3;0.7;0.5
00:02:00;1.3;0.7;0.4
00:02:05;1.5;0.7;0.6
00:02:10;1.2;0.6;0.4
00:02:15;1.2;0.7;0.4
00:02:20;1.3;0.6;0.6
00:02:25;1.5;0.8;0.5
00:02:30;1.2;0.6;0.5
00:02:35;1.2;0.7;0.4
00:02:40;1.2;0.6;0.4
00:02:45;1.2;0.6;0.5
00:02:50;1.3;0.7;0.5
00:02:55;1.1;0.6;0.4
00:03:00;1.2;0.5;0.5
00:03:05;1.3;0.7;0.5
00:03:10;1.2;0.6;0.5
00:03:15;1.3;0.7;0.4
00:03:20;1.2;0.7;0.4
00:03:25;1.1;0.6;0.4
00:03:30;1.2;0.6;0.5
00:03:35;1.2;0.6;0.4
00:03:40;1.2;0.6;0.5
00:03:45;1.4;0.7;0.5
00:03:50;1.3;0.8;0.4
00:03:55;1.1;0.6;0.4
00:04:00;1.5;0.9;0.4
00:04:05;1.2;0.6;0.4
00:04:10;1.2;0.6;0.5
00:04:15;1.4;0.7;0.5
00:04:20;1.4;0.7;0.5
00:04:25;1.3;0.6;0.5
00:04:30;1.1;0.6;0.3
00:04:35;1.3;0.7;0.5
00:04:40;1.3;0.7;0.5
00:04:45;1.4;0.7;0.6
00:04:50;1.4;0.7;0.5
00:04:55;1.3;0.7;0.4
00:05:00;1.3;0.7;0.5
00:05:05;1.1;0.6;0.4
00:05:10;1.4;0.7;0.5
00:05:15;1.4;0.7;0.5
00:05:20;1.2;0.6;0.4
00:05:25;1.3;0.6;0.5
00:05:30;1.4;0.7;0.5
00:05:35;1.3;0.7;0.5
00:05:40;1.2;0.6;0.5
00:05:45;1.1;0.7;0.4
00:05:50;1.7;1.0;0.5
00:05:55;1.9;1.3;0.4
00:06:00;1.3;0.6;0.5
00:06:05;1.3;0.7;0.4
00:06:11;1.4;0.7;0.5
00:06:16;1.1;0.5;0.5
00:06:21;1.3;0.6;0.6
00:06:26;1.2;0.7;0.4
00:06:31;1.2;0.7;0.4
00:06:36;1.3;0.7;0.4
00:06:41;1.4;0.6;0.6
00:06:46;1.2;0.6;0.4
00:06:51;1.4;0.7;0.5
00:06:56;1.3;0.7;0.5
00:07:01;1.4;0.7;0.5
00:07:06;1.2;0.6;0.5
00:07:11;1.3;0.8;0.3
00:07:16;1.3;0.6;0.6
00:07:21;1.2;0.6;0.5
00:07:26;1.4;0.7;0.5
00:07:31;1.2;0.6;0.4
00:07:36;1.3;0.7;0.5
00:07:41;1.3;0.6;0.5
00:07:46;1.4;0.7;0.5
00:07:51;1.2;0.6;0.5
00:07:56;1.2;0.6;0.4
00:08:01;1.4;0.6;0.6
00:08:06;1.3;0.8;0.3
00:08:11;1.2;0.6;0.4
00:08:16;1.2;0.6;0.4
00:08:21;1.4;0.7;0.4
00:08:26;1.3;0.7;0.4
00:08:31;1.3;0.7;0.5
00:08:36;1.1;0.6;0.4
00:08:41;1.1;0.6;0.4
00:08:46;1.3;0.7;0.5
00:08:51;1.3;0.7;0.5
00:08:56;1.3;0.8;0.4
00:09:01;1.4;0.8;0.4
00:09:06;1.2;0.6;0.4
00:09:11;1.4;0.7;0.5
00:09:16;1.3;0.7;0.4
00:09:21;1.2;0.6;0.5
00:09:26;1.3;0.7;0.5
00:09:31;1.2;0.6;0.4
00:09:36;1.3;0.8;0.4
00:09:41;1.3;0.6;0.5
00:09:46;1.2;0.7;0.3
00:09:51;1.1;0.6;0.4
00:09:56;1.4;0.8;0.4
00:10:01;1.3;0.7;0.4
00:10:06;1.3;0.7;0.4
00:10:11;1.5;0.8;0.6
00:10:16;1.3;0.7;0.4
00:10:21;1.4;0.7;0.5
00:10:26;1.4;0.7;0.5
00:10:31;1.2;0.7;0.4
00:10:36;1.3;0.8;0.4
00:10:41;1.3;0.6;0.5
00:10:46;1.4;0.7;0.5
00:10:51;2.0;1.3;0.5
00:10:56;2.2;1.4;0.6
00:11:01;1.2;0.6;0.5
00:11:06;1.3;0.7;0.4
00:11:11;1.4;0.8;0.5
00:11:16;1.3;0.7;0.4
00:11:21;1.3;0.6;0.5
00:11:26;1.3;0.8;0.4
00:11:31;1.2;0.7;0.4
00:11:36;1.1;0.6;0.4
00:11:41;1.1;0.5;0.5
00:11:46;1.3;0.7;0.4
00:11:51;1.5;0.7;0.6
00:11:56;1.3;0.7;0.5
00:12:01;1.3;0.6;0.5
00:12:06;1.3;0.7;0.4
00:12:11;1.3;0.6;0.5
00:12:16;1.5;0.8;0.5
00:12:21;1.3;0.7;0.5
00:12:26;1.2;0.5;0.5
00:12:31;1.2;0.6;0.4
00:12:36;1.1;0.7;0.4
00:12:41;1.2;0.6;0.5
00:12:46;1.2;0.5;0.5
00:12:51;1.4;0.8;0.4
00:12:56;1.1;0.6;0.4
00:13:01;1.3;0.7;0.4
00:13:06;1.1;0.6;0.4
00:13:11;1.2;0.7;0.4
00:13:17;1.2;0.6;0.4
00:13:22;1.1;0.5;0.5
00:13:27;1.3;0.7;0.5
00:13:32;1.1;0.5;0.5
00:13:37;1.3;0.7;0.4
00:13:42;1.3;0.7;0.4
00:13:47;1.1;0.5;0.5
00:13:52;1.1;0.5;0.5
00:13:57;1.2;0.6;0.4
00:14:02;1.1;0.6;0.4
00:14:07;1.4;0.7;0.5
00:14:12;1.5;0.8;0.4
00:14:17;1.3;0.7;0.4
00:14:22;1.1;0.6;0.4
00:14:27;1.5;0.8;0.6
00:14:32;1.4;0.7;0.5
00:14:37;1.3;0.6;0.5
00:14:42;1.3;0.6;0.5
00:14:47;1.2;0.7;0.4
00:14:52;1.2;0.6;0.4
00:14:57;1.2;0.7;0.4
00:15:02;1.3;0.7;0.4
00:15:07;1.3;0.6;0.5
00:15:12;1.3;0.7;0.4
00:15:17;1.4;0.7;0.5
00:15:22;1.4;0.8;0.4
00:15:27;1.3;0.6;0.5
00:15:32;1.4;0.7;0.5
00:15:37;1.4;0.8;0.5
00:15:42;1.4;0.8;0.5
00:15:47;1.4;0.8;0.5
00:15:52;1.3;0.7;0.4
00:15:57;1.8;1.2;0.4
00:16:02;1.3;0.7;0.5
00:16:07;1.1;0.6;0.4
00:16:12;1.4;0.7;0.5
00:16:17;1.3;0.7;0.5
00:16:22;1.3;0.7;0.5
00:16:27;1.3;0.5;0.6
00:16:32;1.3;0.7;0.5
00:16:37;1.3;0.6;0.5
00:16:42;1.2;0.6;0.5
00:16:47;1.7;1.1;0.5
00:16:52;1.2;0.6;0.4
00:16:57;1.3;0.6;0.5
00:17:02;1.2;0.7;0.4
00:17:07;1.2;0.6;0.4
00:17:12;1.2;0.7;0.4
00:17:17;1.3;0.7;0.5
00:17:22;1.2;0.7;0.4
00:17:27;1.1;0.6;0.4
00:17:32;1.4;0.6;0.6
00:17:37;1.2;0.6;0.5
00:17:42;1.4;0.7;0.5
00:17:47;1.2;0.6;0.4
00:17:52;1.3;0.7;0.4
00:17:57;1.4;0.8;0.4
00:18:02;1.3;0.6;0.5
00:18:07;1.2;0.6;0.4
00:18:12;1.2;0.6;0.4
00:18:17;1.4;0.7;0.5
00:18:22;1.3;0.6;0.5
00:18:27;1.4;0.8;0.5
00:18:32;1.3;0.7;0.5
00:18:37;1.2;0.6;0.4
00:18:42;1.4;0.7;0.5
00:18:47;1.4;0.7;0.5
00:18:52;1.2;0.5;0.5
00:18:57;1.3;0.7;0.4
00:19:02;1.4;0.7;0.5
00:19:07;1.2;0.5;0.6
00:19:12;1.1;0.5;0.4
00:19:17;1.4;0.7;0.5
00:19:22;1.4;0.7;0.5
00:19:27;1.2;0.7;0.4
00:19:32;1.2;0.5;0.5
00:19:37;1.2;0.7;0.4
00:19:42;1.3;0.6;0.5
00:19:47;1.2;0.6;0.4
00:19:52;1.2;0.6;0.5
00:19:57;1.2;0.6;0.5
00:20:02;1.4;0.7;0.5
00:20:07;1.3;0.6;0.5
00:20:13;1.3;0.6;0.4
00:20:18;1.6;0.9;0.6
00:20:23;1.4;0.6;0.6
00:20:28;1.3;0.6;0.6
00:20:33;1.9;1.0;0.6
00:20:38;1.2;0.6;0.5
00:20:43;1.3;0.7;0.4
00:20:48;1.6;0.9;0.6
00:20:53;2.2;1.5;0.5
00:20:58;2.3;1.4;0.7
00:21:03;1.5;0.9;0.4
00:21:08;1.2;0.7;0.4
00:21:13;1.4;0.8;0.4
00:21:18;1.4;0.8;0.4
00:21:23;1.3;0.7;0.4
00:21:28;1.3;0.7;0.5
00:21:33;1.5;0.8;0.6
00:21:38;1.3;0.6;0.5
00:21:43;1.4;0.7;0.6
